author_id_1	author_id_2	author_name_1	author_name_2
3636	7155	a. c. scott	andrew c. scott
2016	6453	a. guenoche	alain guenoche
1625	6264	a. j. dadej	arek dadej
2187	6540	a. volgenant	ton volgenant
2048	6469	abdessamad ben hamza	a. ben hamza
58	5545	abraham d. flaxman	abraham flaxman
1212	6081	achilles kameas	achilles d. kameas
1218	6085	achutavarrier prasad vinod	a. prasad vinod
5224	7714	adam anthony	adam paul anthony
3991	7301	addison y. s. su	addison y. s. sue
229	5622	adin matthew scannell	adin scannell
1087	6023	agi kurucz	agnes kurucz
2041	6464	aiman el-maleh	aiman h. el-maleh
3718	7195	ajay anil mahimkar	ajay mahimkar
1903	6396	albert messmer	albert me?mer
1211	6080	alberto raposo	alberto barbosa raposo
3134	6972	alejandra ferreira	alejandra ferreira de loza
560	5775	alessandra alaniz macedo	alessandra a. macedo
1995	6446	alex sellink	m. p. a. sellink
1989	6444	alexa doboli	alex doboli
3366	7050	alexander kesselman	alexander keizelman
815	5892	alexander kroller	alexander kroeller
3931	7281	alexandra mazalek	ali mazalek
22	5531	alexandre aussem	alex aussem
2044	6466	alexandre marcos lins de vasconcelos	alexandre vasconcelos
3845	7247	alexandre mota	alexandre cabral mota
1213	1213	alexandre proutiere	alexandre proutiere
3629	7152	alexis m. tourapis	alexis michael tourapis
1508	6202	ali kamen	ali khamene
1469	6191	allen miu	allen k. l. miu
5019	7670	alvaro graves fuenzalida	alvaro graves
1458	6187	alwyn roshan pais	alwyn r. pais
320	5665	amal perera	amal shehan perera
5022	7672	americo m. c. correia	americo correia
664	5817	amin sayedi	amin s. sayedi-roshkhar
1947	6423	amir saffari	amir reza saffari azar alamdari
2641	6740	an nguyen	an thai nguyen
2181	6536	ana moreira	ana m. d. moreira
913	5940	anand tripathi	anand r. tripathi
2229	6558	anca loredana ion	anca ion
1501	1501	andras farago	andras farago
4603	7544	andreas pleu?	andreas pleuss
430	5719	andres marzal	andres marzal-varo
2334	6599	andrew calway	andrew d. calway
1422	6168	andrew laine	andrew f. laine
5480	7747	andy livingstone	andrew livingstone
484	484	angel fernando kuri morales	angel fernando kuri morales
466	5735	angelika kotz dittrich	angelika m. kotz
1731	6315	anna carpenter cavender	anna cavender
1135	6045	anna radzikowska	anna maria radzikowska
1046	6006	anna v. baranova	ancha v. baranova
1786	6346	anne diekema	anne r. diekema
804	5886	anne-sophie dewalle-vignion	anne-sophie dewalle
2511	6679	anthony tung shuen ho	anthony t. s. ho
5351	7734	antonio abelem	antonio jorge gomes abelem
5035	7676	antonio arcos cebrian	antonio arcos
1957	6431	antonio carlos dominguez-brito	antonio c. dominguez
1980	6442	antonio fernandez anta	antonio fernandez
1718	6310	antonio j. nebro	antonio jose nebro
4627	7556	antonio j. plaza	antonio plaza
3697	7185	antonio jose jimeno-yepes	antonio jimeno-yepes
1842	6373	antonio leon jimenez	antonio leon
1976	1976	antonio mana	antonio mana
4382	7465	antonio-manuel vidal-macia	antonio m. vidal
3510	7105	april slayden	april slayden mitchell
1675	6287	araceli sanchis de miguel	araceli sanchis
3236	7004	argyris zymnis	argyrios zymnis
4068	7334	ashish choudhury	ashish choudhary
900	5933	atulya k. nagar	atulya nagar
2283	2283	avare stewart	avare stewart
898	5932	avinash g. keskar	avinash keskar
672	5823	azzam f. taktak	azzam fouad george taktak
1977	6441	b. d. chaudhary	banshi dhar chaudhary
3009	6912	b. r. badrinath	badri nath
1084	6021	b. sundar rajan	bikash sundar rajan
2422	6634	balan gurumoorthy	b. gurumoorthy
1970	6439	balasubramaniam srinivasan	bala srinivasan
3746	7206	balbir barn	balbir s. barn
2033	6459	barbora zimmerova	barbora buhnova
3803	7232	basuki e. priyanto	basuki endah priyanto
603	5793	behrouz h. far	behrouz homayoun far
882	5920	behrouz minaei	behrouz minaei-bidgoli
340	5676	ben recht	benjamin recht
666	5818	benjamin m. m. de weger	benne de weger
4665	7567	benjamin salem	ben salem
2444	2444	bernard peroche	bernard peroche
2463	6656	bernd g. m. e. blobel	bernd blobel
2443	6648	bhakthavathsalam ramaswamy	r. bhakthavathsalam
741	5858	bijendra n. jain	bijendra nath jain
4191	7388	bill dieter	william r. dieter
3842	7244	bipul chandra paul	bipul c. paul
4245	7407	bjorn h. menze	bjoern h. menze
2146	2146	bo sanden	bo sanden
3722	7197	bo-cheng lai	bo-cheng charles lai
4040	7325	bob mungamuru	bobji mungamuru
1591	6245	borislav vidolov	boris vidolov
1005	5987	borje karlsson	borje felipe fernandes karlsson
1028	6001	boting yang	bo-ting yang
2800	6810	brendan j. babb	brendan babb
1563	6228	bruce graham	bruce p. graham
1967	6437	bu-sung lee	francis bu-sung lee
394	5701	c. mani krishna	c. m. krishna
910	5937	cagdas e. gerede	cagdas evren gerede
2828	6827	carina ihlstrom	carina ihlstrom eriksson
4061	7331	carina s. gonzalez	c. s. gonzalez
2840	6831	carlisle adams	carlisle m. adams
4840	7617	carlos j. alonso-gonzalez	carlos j. alonso
422	5715	carlos manuel travieso-gonzalez	carlos m. travieso
5178	7704	carmen camarero	carmen camarero izquierdo
4563	7529	carmen sanchez-avila	carmen sanchez avila
1372	6153	cati vaucelle	catherine vaucelle
216	5614	cecilia zanni	cecilia zanni-merk
2761	6793	celso alberto saibel santos	c. a. s. santos
4565	7530	chanchal kumar roy	chanchal k. roy
851	5909	chandra narayanaswami	chandrasekhar narayanaswami
1445	6181	chandra sekhar seelamantula	s. chandra sekhar
5121	7691	chandrasekar sankaran	chandy sankaran
354	5682	changjie tang	chang-jie tang
2565	6706	charles j. gillan	charles gillan
996	5981	charlie mcdowell	charles e. mcdowell
593	5788	charlie yong-sang shim	charlie y. shim
2197	2197	chengxiang zhai	chengxiang zhai
243	5628	ching-wei yeh	chingwei yeh
1498	6199	chinthananda tellambura	chintha tellambura
1751	6327	chitta mandal	chittaranjan a. mandal
1134	6044	chris burges	christopher j. c. burges
5236	7716	chris fowler	christopher fowler
3863	7253	chris halaschek	christian halaschek-wiener
4777	7606	chris hardin	christopher hardin
1750	6326	chris w. clegg	christopher clegg
2646	6742	christian biemann	chris biemann
218	5615	christian gla?er	christian glasser
3700	7186	christian gro?mann	christian grossmann
1804	6352	christie i. ezeife	c. i. ezeife
5347	7733	christina stoica-kluver	christina stoica
724	5850	christine halverson	christine a. halverson
871	5916	christine largeron	christine largeron-leteno
2938	6880	christopher h. nevison	chris nevison
2192	6544	christopher krugel	christopher kruegel
3952	7292	christopher rowen	chris rowen
4165	7378	christopher w. clifton	chris clifton
845	5907	chun jason xue	chun xue
2764	6795	cigdem gunduz demir	cigdem demir
872	5917	clarisse dhaenens	clarisse dhaenens-flipo
1509	6203	claudia muller	claudia muller-birn
302	5658	claudio fernando resin geyer	claudio f. r. geyer
3448	7083	claudio meneses villegas	claudio meneses
240	5627	colin mcdiarmid	colin j. h. mcdiarmid
1966	6436	constantine kotropoulos	costas kotropoulos
2134	6512	constantinos e. goutis	costas e. goutis
1753	6329	cornelis h. slump	kees slump
1739	6319	cristina cachero castro	cristina cachero
4986	7662	cristobal luque	cristobal luque del arco-calderon
3828	7241	curtis langlotz	curtis p. langlotz
2414	6632	d. dutta majumder	dwijesh dutta majumder
2691	6758	d. gnanaraj thomas	d. g. thomas
3454	7085	d. m. titterington	d. mike titterington
1514	6205	d. sculley	david sculley
715	5845	dalton dario serey guerrero	dalton serey guerrero
3506	7103	dan connors	daniel a. connors
3672	7172	dan r. olsen	dan r. olsen jr.
98	5566	daniel hughes	danny hughes
382	5693	daniel jurafsky	dan jurafsky
4155	7372	daniel k. gunter	dan gunter
2156	6524	daniel kroening	daniel kroning
4510	7504	daniel m. gruen	dan gruen
2413	6631	daniel p. w. ellis	dan ellis
5377	7737	daniel raymond tri dang firpo	daniel firpo
170	5592	daniel-ioan curiac	daniel curiac
4380	7464	david gross	david gross-amblard
2216	6553	david h. wolpert	david wolpert
4348	7449	david koes	david ryan koes
4340	7446	david raffo	david m. raffo
400	5703	david simplot	david simplot-ryl
797	5884	david squire	david mcg. squire
1667	6284	david wai-lok cheung	david w. cheung
2103	6497	dawn lawrie	dawn j. lawrie
3660	7165	denis f. wolf	denis fernando wolf
2157	6525	derek anderson	derek t. anderson
12	5528	detlef sa?	detlef sass
1190	6073	diana keen	diana franklin
1650	6273	dimitrios kagaris	dimitri kagaris
80	5557	dimitris a. karras	dimitrios a. karras
347	5678	dimitris i. rigas	dimitrios i. rigas
2495	6673	dimitris makrakis	dimitrios makrakis
5026	7674	dinh dien	dien dinh
1956	6430	dionysios kehagias	dionisis kehagias
1467	6190	dirk christian mattfeld	dirk c. mattfeld
1346	6142	djamel a. zighed	djamel abdelkader zighed
1962	6434	dmitry lizorkin	d. a. lizorkin
2550	6698	dumitru dumitrescu	d. dumitrescu
301	5657	dz-ching ju	roy ju
3456	7086	e. p. robinson	edmund robinson
1578	6236	ealan henis	ealan a. henis
4730	7588	ebrahim avazkonandeh gharavol	ebrahim a. gharavol
3921	7276	ed c. m. noyons	e. c. m. noyons
1096	6031	edeltraud egger	edeltraud hanappi-egger
1337	6137	edgar weippl	edgar r. weippl
2199	6546	edmond cyril prakash	edmond c. prakash
3878	7262	edson norberto caceres	edson caceres
1550	6223	eduard constantin dragut	eduard c. dragut
2569	6708	eduardo casilari-perez	eduardo casilari
661	5815	edwige pissaloux	edwige e. pissaloux
3130	6971	elder m. macambira	elder magalhaes macambira
1652	6275	eleni mangina phelan	eleni e. mangina
1274	6109	elise lavoue	elise garrot
4337	7444	elizabeth sklar rozier	elizabeth sklar
1420	6167	ellen walker	ellen lowenfeld walker
3569	7129	emad a. m. andrews	emad a. m. andrews shenouda
5256	7722	emile j. c. kelkboom	emile kelkboom
1386	6157	emilio pasquale mancini	emilio mancini
5049	5049	eric debreuve	eric debreuve
816	5893	eric mercer	eric g. mercer
4628	7557	eric verbeek	h. m. w. (eric) verbeek
868	5915	eric wing ming wong	eric w. m. wong
4958	7651	erich teppan	erich christian teppan
782	5877	erik proper	henderik alex proper
5025	7673	ernest w. tollner	ernest william tollner
462	5733	ernst biersack	ernst w. biersack
2610	6723	eryk kylikowski	eryk kulikowski
106	5568	eugene lavretsky	e. lavretsky
759	5863	eugene w. myers	gene myers
64	5550	eugenia ternovska	eugenia ternovskaia
2183	6537	eva giani	eva altenbernd-giani
209	5610	fabio moreira costa	fabio m. costa
1369	6152	faith ellen	faith ellen fich
689	5831	felix c. gartner	felix c. freiling
2637	6739	felix ingrand	francois felix ingrand
3259	7016	feng tao	barry tao
1154	6053	fernando castor	fernando castor filho
1426	6172	florentino fernandez riverola	florentino fdez-riverola
1145	6048	francis yuk-lun chin	francis y. l. chin
176	5593	francisco c. r. reverbel	francisco reverbel
1148	6050	francisco j. cantu	francisco j. cantu ortiz
435	5724	francisco javier luque	f. javier luque
3782	7223	francisco ortin	francisco ortin soler
3230	7002	frank d. valencia	frank valencia
5145	7698	frank h. leung	frank hung-fat leung
1396	6162	frank k. hwang	frank kwang-ming hwang
2047	6468	frank yeong-chyang shih	frank y. shih
5338	5338	frederic tronel	frederic tronel
2160	6526	fredrick h. rothganger	fred rothganger
1990	6445	g. bard ermentrout	bard ermentrout
2711	6767	g. mcc. haworth	guy haworth
4634	7560	g. q. (kouchi) zhang	g. q. zhang
2057	6474	g. w. hill	geoffrey w. hill
44	5542	gabriel jimenez-moreno	gabriel jimenez
1452	6184	gabriel lopez millan	gabriel lopez
194	5602	gary geunbae lee	geunbae lee
1599	6250	gary grewal	gary william grewal
412	5709	gaurav s. sukhatme	gaurav sukhatme
451	5728	gene eu jan	ching yuh jan
2084	6487	geoff hamilton	geoff w. hamilton
2309	6591	geoff whittle	geoffrey p. whittle
128	5577	geoffrey fox	geoffrey charles fox
4690	7573	georg tauboeck	georg taubock
1003	5985	george almasi	george s. almasi
5264	7723	george teodoro	george luiz medeiros teodoro
2506	6678	georgios fesakis	george fesakis
5141	7696	gerald schuller	g. d. t. schuller
1344	6140	ghaya rekaya-ben othman	ghaya rekaya
481	5742	gianni di caro	gianni a. di caro
5149	7699	gilles roux	gilbert roux
3074	6941	gilson antonio giraldi	gilson a. giraldi
1102	6034	gisela schafer	gisela schafer-richter
415	5710	giulio jacucci	giulio iacucci
5360	7736	goiuria sagardui mendieta	goiuria sagardui
4519	7513	gordon c. bell	gordon bell
968	5966	gozde bozdagi	gozde bozdagi akar
5000	7665	grazyna maria slusarczyk	grazyna slusarczyk
722	5848	greg g. slabaugh	gregory g. slabaugh
5302	7726	gregor gartner	gregor gaertner
3192	3192	gregory mounie	gregory mounie
1130	6043	guillermo barrenetxea	guillermo barrenechea
2425	6636	guillermo licea	guillermo licea sandoval
407	5708	guillermo palacios	guillermo palacios navarro
570	5779	gunther lackner	guenther lackner
4758	7597	guoqiang peter zhang	g. peter zhang
177	5594	h. f. ting	hing-fung ting
5205	7710	hagit zabrodsky	hagit hel-or
5226	7715	haizhon li	frank haizhon li
485	5743	hak-keung lam	h. k. lam
516	5757	hamid mahmoodi-meimand	hamid mahmoodi
4315	7432	hans akkermans	j. m. akkermans
1235	6094	hans vo?	hans voss
4379	7463	harald rue?	harald ruess
1206	6078	harry shum	heung-yeung shum
3783	3783	hasan cam	hasan cam
1627	6265	hector zenil chavez	hector zenil
993	5979	hedvig kjellstrom	hedvig sidenbladh
3286	7026	heike winschiers	heike winschiers-theophilus
1146	6049	heinrich hu?mann	heinrich hussmann
256	5633	heitor s. lopes	heitor silverio lopes
4423	7481	helena sofia pinto	helena sofia andrade n. p. pinto
1540	6216	herbert su?e	herbert suesse
2085	2085	herve delingette	herve delingette
3029	6922	hesham s. ali	hesham shokry
2053	6473	hildeberto mendonca	hildeberto mendonca filho
4596	7540	hiroaki saitoh	hiroaki saito
584	5785	hoh in	hoh peter in
669	5821	hong-kwang jeff kuo	hong-kwang kuo
206	5607	hossein asadi	ghazanfar asadi
4968	7654	hossein sharif	hossein sharif-paghaleh
3269	7019	howard l. morgan	howard lee morgan
2071	6482	hussein zedan	hussein s. m. zedan
554	5772	hyouk ryeol choi	hyoukryeol choi
2913	6870	i. emre telatar	emre telatar
154	5586	ian h. jermyn	ian jermyn
4270	7421	ido iurgel	ido aharon iurgel
3043	6930	ingolf kruger	ingolf h. kruger
2001	6448	ioannis pavlidis	ioannis t. pavlidis
4551	7523	ira kemelmacher	ira kemelmacher-shlizerman
2245	6565	irene y. h. gu	yu-hua gu
911	5938	irina marakova	irina marakova-begoc
4271	7422	iris gaber-rosenblum	iris gaber
4916	7637	isabella schoeman	isabella lona schoeman
2558	6703	isabelle comyn-wattiau	isabelle comyn
2353	6608	ismail h. toroslu	ismail hakki toroslu
2312	6592	issam w. damaj	issam damaj
1991	1991	ivan herman	ivan herman
802	5885	j. b. t. m. roerdink	jos b. t. m. roerdink
508	5750	j. b. theocharis	ioannis b. theocharis
826	5898	j. doug tygar	j. d. tygar
2644	6741	j. j. ibarrola	julio ibarrola
2406	6627	jacky hartnett	jacqueline hartnett
4325	7438	jacques h. trienekens	j. h. trienekens
421	5714	jaelson castro	jaelson brelaz de castro
1582	6240	jaime delgado	jaime delgado merce
947	5955	jaime lloret	jaime lloret mauri
178	5595	james j. horning	jim horning
367	5688	james joshi	james b. d. joshi
2417	6633	james laird	jim laird
2113	6503	james w. tschanz	james tschanz
5396	7741	jana z. sukkarieh	jana zuheir sukkarieh
1766	6334	janis barzdin	janis barzdins
1892	6391	janny leung	janny may-yee leung
3231	7003	janos makowsky	johann a. makowsky
5457	7745	jasminka matevska	jasminka matevska-meyer
2081	6485	javier bravo	javier bravo agapito
4039	7324	javier garcia blas	francisco javier garcia blas
994	5980	javier lorenzo-navarro	javier lorenzo
1365	6150	jay mcclelland	james l. mcclelland
2745	6781	jayram s. thathachar	t. s. jayram
2096	6492	jean goubault-larrecq	jean goubault
42	5540	jeff draper	jeffrey t. draper
2628	6733	jeff higginson	jeffrey l. higginson
1069	6016	jeffrey xu yu	xu yu
4645	7562	jen-hsin huang	dennis j.-h. huang
1653	6276	jens christian huhn	jens c. huhn
4721	7586	jeronimo aznar	jeronimo aznar-bellver
5185	7707	jerry kah eng hoe	kah eng hoe
1570	6231	jesper hojvang jensen	jesper jensen
4416	7479	jessica l. moszkowicz	jessica moszkowicz
2373	6616	jesus peral cortes	jesus peral
3109	6958	jewel ward	jewel h. ward
3701	3701	jim torresen	jim torresen
2365	6613	jimmy huang	xiangji huang
586	5786	jing-yu yang	jingyu yang
101	5567	jiqiang lu	jiqiang lv
2860	6838	jiri wiedermann	juraj wiedermann
4056	7328	joan mas	joan mas romeu
4147	7369	joan vila i carbo	joan vila-carbo
2070	6481	joaquin perez	joaquin perez ortega
4906	7635	joerg beringer	jorg beringer
3265	7018	joerg zumbach	jorg zumbach
608	5795	johan c. wortmann	hans wortmann
723	5849	johan lukkien	johan j. lukkien
296	5654	john c. t. hallam	john hallam
1157	6055	john e. beasley	j. e. beasley
2835	6829	john e. psarras	ioannis psarras
2228	6557	john k. reid	j. k. reid
378	5692	john t. wen	john ting-yung wen
1077	6018	jon barwise	k. jon barwise
776	5874	jonathan furner-hines	jonathan furner
371	5689	jong in lim	jongin lim
1097	6032	jorg muller	hans jorg muller
2668	6751	jorge esteban hernandez hormazabal	jorge e. hernandez
961	961	jorgen p. bansler	jorgen p. bansler
1191	6074	jose a. olivas	jose angel olivas
3788	7226	jose andres armario	j. a. armario
3097	6951	jose andres moreno-perez	jose a. moreno-perez
439	5725	jose antonio gutierrez de mesa	jose antonio gutierrez
1813	1813	jose flich	jose flich
3704	7188	jose joaquin garcia-luna-aceves	j. j. garcia-luna-aceves
531	5765	jose l. risco-martin	jose luis risco-martin
2522	6686	jose luis ayala	jose l. ayala
4089	7340	jose luis borbinha	jose luis brinquete borbinha
1988	6443	jose luis sierra	jose luis sierra-rodriguez
3687	7177	jose m. sanchiz	jose miguel sanchiz marti
4306	7430	jose manuel de la rosa	jose manuel de la rosa utrera
4629	7558	jose maria cavero barca	jose maria cavero
1435	6179	jose oscar fajardo	jose o. fajardo
674	5825	jose palazzo m. de oliveira	jose palazzo moreira de oliveira
3022	6918	jose ramon quevedo perez	jose ramon quevedo
2230	2230	jose ramon rios viqueira	jose ramon rios viqueira
5416	5416	jose soria	jose soria
487	487	jose torres-jimenez	jose torres-jimenez
4446	7491	joseph bukchin	yossi bukchin
738	5857	joseph douglas horton	joseph d. horton
2786	6804	joyce y. chai	joyce yue chai
3526	7113	juan carlos dursteler	juan c. dursteler
594	5789	juan m. estevez-tapiador	juan e. tapiador
1272	6107	juan manuel gonzalez nieto	juanma gonzalez nieto
3137	6973	juan otero pombo	juan otero
761	5864	juanzi li	juan-zi li
1004	5986	julia mosin	julia rubin
1586	6243	julian f. miller	julian francis miller
4484	7498	julian fierrez	julian fierrez-aguilar
1007	5988	juliana fernandes camapum	juliana f. camapum wanderley
636	636	junichi hoshino	junichi hoshino
2849	6834	jurgen gall	juergen gall
448	5727	k. p. k. nair	kunhiraman nair
2125	6507	kanagasabai rajaraman	rajaraman kanagasabai
2207	6547	karen h. l. tso-sutter	karen h. l. tso
1167	6057	karin murthy	karin kailing
3452	7084	karl-erwin grosspietsch	karl-erwin gro?pietsch
1425	6171	katarzyna keahey	kate keahey
505	5749	katia sycara-cyranski	katia p. sycara
951	5959	keesam jeong	kee sam jeong
998	5982	keith hanna	f. keith hanna
834	5902	keith q. t. zhang	q. t. zhang
1618	6259	ken-ichi anjyo	ken anjyo
343	5677	kenichi kanatani	ken-ichi kanatani
2663	6748	kiran rachuri	kiran k. rachuri
3397	3397	kivanc dincer	kivanc dincer
1566	6230	kiyoko f. aoki	kiyoko f. aoki-kinoshita
5180	7705	kjetil molokken-ostvold	kjetil molokken
1954	6428	koenraad van leemput	koen van leemput
3216	6996	kostas n. plataniotis	konstantinos n. plataniotis
3903	7269	kostas stamatakis	konstantinos stamatakis
432	5721	krishnamurthy vidyasankar	k. vidyasankar
4710	7582	kristen b. venable	kristen brent venable
3026	6920	kuei-ann wen	stella kuei-ann wen
4318	7433	kwan lawrence yeung	kwan l. yeung
1598	6248	kwok hung li	kwok h. li
696	5834	l. irene cheng	irene cheng
1655	6277	laiwan chan	lai-wan chan
721	5847	lance chun che fung	chun che fung
2367	6614	larry t. pileggi	lawrence t. pileggi
4419	7480	laura forsberg	laura forsberg white
4663	7566	laura mayfield tomokiyo	laura mayfield
244	5629	laure berti	laure berti-equille
697	5835	lauren j. odonnell	lauren odonnell
2423	6635	leon van der torre	leendert w. n. van der torre
5076	7682	leonardo freitas	leo freitas
499	5747	li weigang	weigang li
282	5645	li-zhu zhou	lizhu zhou
5089	7687	liliana cucu	liliana cucu-grosjean
74	5554	lisa gottesfeld brown	lisa m. g. brown
1174	6062	liz burd	elizabeth burd
5313	7728	lorant szasz-toth	lorant toth
5368	5368	lubomir torok	lubomir torok
1171	6059	lucia v. r. arruda	lucia valeria ramos de arruda
352	5680	luis entrena	luis entrena-arrontes
3541	7119	lynda tamine	lynda tamine-lechani
2004	6449	m. anwar hasan	m. anwarul hasan
1773	6339	m. c. balbuena	camino balbuena
1823	6362	m. j. zemerly	mohamed jamal zemerly
4232	4232	m. selim akturk	m. selim akturk
4294	7426	maayan zhitomirsky-geffet	maayan geffet
4804	7609	maira athanazio de cerqueira gatti	maira a. de c. gatti
1345	6141	maksim tsvetovatyy	maksim tsvetovat
475	5740	malika smail	malika smail-tabbone
3023	6919	mamoun filali-amine	mamoun filali
4235	7404	man-keung siu	m. k. siu
1285	6114	manoel g. mendonca	manoel gomes de mendonca neto
590	5787	manuel alfonseca moreno	manuel alfonseca
5	5525	marcelino b. santos	marcelino bicho dos santos
4670	7568	marcelo de oliveira johann	marcelo o. johann
1680	6289	marcelo h. ang	marcelo h. ang jr.
1526	6211	margaret h. dunham	margaret h. eich
1785	6345	maria assumpcio pellicer	maria a. pellicer
2670	6752	maria j. garcia de la banda	maria garcia de la banda
4639	7561	maria jose casan guerrero	maria jose casany guerrero
545	545	maria m. larrondo-petrie	maria m. larrondo-petrie
4641	4641	maria pinto	maria pinto
912	5939	maria-cristina riff	maria cristina riff rojas
1111	6038	maria-florina popa	maria-florina balcan
788	5879	maria-pilar jarabo-amores	maria p. jarabo-amores
4757	7596	mariano montoni	mariano angel montoni
1896	6393	marilyn m. mantei	marilyn tremaine
32	5537	marius silaghi	marius-calin silaghi
285	5648	marjory c. c. abreu	marjory cristiany da costa abreu
2748	6783	mark coates	m. j. coates
2110	6500	marta costa rosatelli	marta c. rosatelli
540	5767	martin farach	martin farach-colton
2779	6799	mary carmen jarur munoz	mary carmen jarur
2099	6495	mary koes	mary berna
4776	7605	mary lynette larsgaard	mary larsgaard
2471	6660	masa inakage	masahiko inakage
771	5871	matthew j. suderman	matthew suderman
312	5661	matthias broecheler	matthias brocheler
452	5729	mauricio javier osorio galindo	mauricio osorio
5353	7735	mauricio pamplona segundo	mauricio p. segundo
5497	7748	md. fazle baki	mohammed fazle baki
764	5865	meike klettke	meike albrecht
2727	6775	melek d. yucel	melek diker yucel
2609	6722	mengtian rong	mentian rong
1621	6261	mercan karahan	mercan topkara
2045	6467	michael anthony steel	mike a. steel
2450	6651	michael c. jaeger	michael c. jager
2627	6732	michael d. gallant	michael gallant
4352	7450	michael d. muhlbaier	michael muhlbaier
1819	6359	michael e. davies	mike e. davies
1243	6097	michael e. lesk	michael lesk
3809	7234	michael j. oudshoorn	michael oudshoorn
654	5812	michael j. prietula	michael prietula
3444	7082	michael jason minock	michael minock
511	5753	michael kozuch	michael a. kozuch
4575	7531	michael lees	michael harold lees
5395	7740	michael pascoe	michael pascoe-chalke
4280	7424	michael pohst	michael e. pohst
1126	6042	michael r. m. jenkin	michael jenkin
3257	7014	michael s. o. molloy	michael molloy
1185	6068	michael t. m. emmerich	michael emmerich
4117	7351	miguel delgado calvo-flores	miguel delgado
1292	6116	miguel garcia pineda	miguel garcia
695	5833	mihaela elena breaban	mihaela breaban
3400	7068	mike e. woodward	michael e. woodward
3128	6969	mike shub	michael shub
4372	7460	mildrey carbonell	mildrey carbonell castro
1485	6195	milena radenkovic	milena v. radenkovic
1836	6368	miri kopel ben-nissan	miri ben-nissan
4598	7541	mitch weintraub	mitchel weintraub
2983	6899	mitsunori ogihara	mitsunori ogiwara
1040	6003	mohamad izani zainal abidin	mohd izani
1958	6432	mohamed a. ramadan	mohammed a. ramadan
2984	6900	mohammad reza darafsheh	m. r. darafsheh
558	5773	mohammadtaghi hajiaghayi	mohammad taghi hajiaghayi
3882	7266	mohammed h. nafie	mohammed nafie
3075	6942	mohan gurusamy	gurusamy mohan
1342	6139	monika rauch henzinger	monika henzinger
2494	6672	montserrat maritxalar	montse maritxalar
1574	6234	murat perit cakir	murat cakir
4764	7600	murray e. jennex	murray jennex
753	5861	n. variyam vinodchandran	n. v. vinodchandran
85	5559	nadine lefort-piat	nadine le fort-piat
873	5918	neel sundaresan	neelakantan sundaresan
3588	7140	neelakantan r. krishnaswami	neel krishnaswami
3728	7199	nelio muniz mendes alves	nelio alves
2139	6515	nelson luis saldanha da fonseca	nelson l. s. da fonseca
690	5832	neville churcher	neville i. churcher
5334	7731	nicholas zervos	nicholaos zervos
2472	6661	nikos grammalidis	nikolaos grammalidis
4193	7389	nirmala achuthan	n. r. achuthan
3934	7283	niyazi zekiye kilic	niyazi kilic
455	5730	olivier roux	olivier h. roux
3708	7190	oscar romero moral	oscar romero
3915	7273	oya icmeli tukel	oya icmeli
4556	7525	p. a. c. varley	peter varley
278	5643	p. j. p. mcmullan	paul mcmullan
2381	6620	p. jourlin	pierre jourlin
948	5956	p. michael melliar-smith	p. m. melliar-smith
204	5606	p. r. f. cunha	paulo roberto freire cunha
208	5609	pantelis asvestas	pantelis a. asvestas
667	5819	paramesran raveendran	p. raveendran
534	5766	partha pratim chakrabarti	p. p. chakrabarti
4602	7543	parthasarathy madhusudan	p. madhusudan
3647	7159	patricia c. arocena	patricia rodriguez-gianolli
2626	6731	patrick eugster	patrick th. eugster
2215	6552	patrick maeder	patrick mader
1006	908	patrick martin	t. patrick martin
471	5737	patrick mcdaniel	patrick drew mcdaniel
3729	7200	paul devadoss ezhilchelvan	paul d. ezhilchelvan
1545	6220	pauline berry	pauline m. berry
3618	7148	paulo jorge paiva de sousa	paulo sousa
317	5663	pedro juan lopez rodriguez	pedro lopez
93	5562	pedro r. falcone sampaio	pedro sampaio
2527	6690	penelope m. sanderson	penelope sanderson
2778	6798	peter clayton	peter g. clayton
3806	7233	peter eggenberger hotz	peter eggenberger
2356	6609	peter funk	peter j. funk
813	813	peter grunwald	peter grunwald
5011	7668	peter simon sapaty	peter sapaty
313	5662	petia radeva	petia radeva ivanova
323	323	petr posik	petr posik
4844	7618	petra kralj	petra kralj novak
45	5543	petri t. helo	petri helo
2165	6528	pietro g. morasso	pietro morasso
3662	7166	pilar sancho	pilar sancho-thomas
213	5613	pingzhi fan	pingzhi z. fan
1710	6303	po l. tien	po-lung tien
3219	6997	prabir kumar biswas	prabir k. biswas
4960	7652	premkumar s. natarajan	premkumar natarajan
2483	6665	r. a. b. engelen	roy engelen
1794	6348	r. d. (shawn) blanton	ronald d. blanton
4320	7434	rabea boulifa	rabea ameur-boulifa
525	5763	rafael martinez gasca	rafael m. gasca
709	5841	rajnikant v. patel	rajni v. patel
3702	7187	rakesh vohra	rakesh v. vohra
473	5739	ralf kotter	ralf koetter
1497	6198	ralph butler	ralph m. butler
1026	6000	ramesh chandra joshi	ramesh c. joshi
4980	7659	rashid ahmed attar	rashid attar
246	5631	ravi kannan	ravindran kannan
330	5671	ravi mazumdar	ravi r. mazumdar
3293	7028	ravikiran vatrapu	ravi k. vatrapu
4975	7656	ray g. gosine	raymond g. gosine
5241	7717	raymond h. putra	rudy raymond harry putra
81	5558	raymond s. tuminaro	ray s. tuminaro
3553	7124	rebecca grasser	becky grasser
4017	7314	refugio vallejo	j. refugio vallejo-gutierrez
927	5945	reinhard keil	reinhard keil-slawik
3949	7290	reinhold huber	reinhold huber-mork
1745	6324	renato keshet	renato kresch
899	899	renee elio	renee elio
2838	6830	ricardo carmona-galan	ricardo carmona
1494	6197	ricardo imbert	r. j. imbert
3920	7275	richard h. granger	richard granger
4988	7663	richard kufrin	rick kufrin
298	5655	richard m. crowder	richard crowder
431	5720	rinus plasmeijer	marinus j. plasmeijer
829	5900	risivardhan thonangi	risi thonangi
1463	1463	rita puzmanova	rita puzmanova
850	5908	riyaz t. sikora	riyaz sikora
2225	6556	rob fergus	robert fergus
884	5921	robert a. van engelen	robert van engelen
4694	7575	robert askwith	bob askwith
1720	6311	robert d. van der mei	rob van der mei
1738	6318	robert holte	robert c. holte
2598	6718	robert l. (scot) drysdale iii	robert l. scot drysdale
2489	6669	robert n. moll	robert moll
63	5549	robert stevens	robert d. stevens
644	5808	roberto antonio vazquez espinoza de los monteros	roberto antonio vazquez
1273	6108	roberto j. bayardo jr.	roberto j. bayardo
4654	7563	roberto javier asin acha	roberto asin
4122	7357	roberto marcondes cesar jr.	roberto marcondes cesar junior
510	5752	roberto paredes palacios	roberto paredes
4716	7584	roberto uribe	roberto uribe paredes
5020	7671	roderick m. riensche	rick riensche
4254	7413	rodrigo almeida	rodrigo andrade de almeida
55	5544	ron meir	ronny meir
2785	6803	rosa m. gil	rosa gil
3995	7303	rosa m. m. leao	rosa maria meri leao
4613	7547	roseanne tesoriero	roseanne tesoriero tvedt
2116	6505	roseli a. f. romero	roseli a. francelin romero
305	5659	ross lippert	ross a. lippert
3864	7254	rozhan idrus	rozhan mohammed idrus
4006	7308	rubens nascimento melo	rubens n. melo
1198	6076	ruoyu roy wang	roy wang
1803	6351	ryan hayward	ryan b. hayward
4769	7602	s. a. dolenko	sergey dolenko
3495	7100	s. a. karkanis	stavros a. karkanis
79	5556	s. boccaletti	stefano boccaletti
3741	7203	s. gowrishankar	gowrishankar
325	5667	s. k. nandy	soumitra kumar nandy
2692	6759	s. p. luttik	bas luttik
3432	7081	s. srinivasa rao	srinivasa rao satti
1968	6438	s. v. n. vishwanathan	vishy vishwanathan
2777	6797	sabine loudcher rabaseda	sabine rabaseda
3536	7116	sam kamin	samuel n. kamin
5474	7746	saman hemantha cooray	saman cooray
1561	6227	sampalli srinivas	srinivas sampalli
299	5656	sang-yong han	sangyong han
2946	6883	sangsig kim	sang-sig kim
230	5623	santiago melia beigbeder	santiago melia
3361	7049	santiago ontanon	santi ontanon
1996	6447	sarah f. frisken	sarah f. frisken gibson
2038	6463	sarang aravamuthan	a. sarangarajan
4717	7585	sebastia vila-marta	sebastia vila
2294	6585	sebastiaan h. von solms	basie von solms
2952	6887	sebastian tramp	sebastian dietzold
23	5532	sergio c. b. soares	sergio soares
1150	6051	shankar s. sastry	shankar sastry
1186	6069	shant karakashian	shant kirakos karakashian
963	963	sheila mendez nunez	sheila mendez nunez
353	5681	shen-sheng zhang	shensheng zhang
3352	7046	shirley ann becker	shirley a. becker
975	5970	silvia d. olabarriaga	silvia delgado olabarriaga
988	5977	sima uyar	a. sima etaner-uyar
2137	6514	simon c. k. shiu	simon chi-keung shiu
857	5911	simon dobson	simon a. dobson
3963	7295	simon harding	simon l. harding
1155	6054	simona halunga	simona viorica halunga
3098	6953	simone graeff	simone graeff-honninger
1754	6330	siome klein goldenstein	siome goldenstein
3458	7087	sisi zlatanova	siyka zlatanova
472	5738	sorin dan cotofana	sorin cotofana
526	5764	sri kurniawan	sri hastuti kurniawan
949	5957	stan birchfield	stanley t. birchfield
711	5842	stanislaw jarzabek	stan jarzabek
3667	7169	stefan hormann	stefan hoermann
311	5660	stefanie rinderle-ma	stefanie rinderle
1973	6440	stephen b. furber	steve furber
867	5914	stephen blackburn	stephen m. blackburn
1579	6237	stephen peterson	stephen d. peterson
1499	6200	stephen robertson	stephen e. robertson
3066	6937	steve w. smye	s. w. smye
2675	6754	steven vickers	steven j. vickers
933	5948	stu zweben	stuart h. zweben
1423	6169	susan bridges	susan m. bridges
2575	6710	sven brueckner	sven a. brueckner
1364	6149	t. d. bui	tien d. bui
1835	6367	t. e. simos	tom e. simos
2799	6809	t. sansaloni	trinidad sansaloni
3907	7271	t. v. sreenivas	thippur v. sreenivas
3315	3315	tanir ozcelebi	tanir ozcelebi
4324	7436	tarek helmy el-bassuny	tarek helmy
4045	7326	thanh tran	duc thanh tran
1725	6313	theodore kalamboukis	t. z. kalamboukis
1439	6180	theodosios pavlidis	theo pavlidis
3752	7209	thiago tonelli bartolomei	thiago t. bartolomei
3969	7296	thomas a. darden	tom darden
3946	7289	thomas b. hodel-widmer	thomas b. hodel
3524	7112	thomas down	thomas a. down
1712	6304	thomas r. gruber	tom gruber
3873	7259	tim bell	timothy c. bell
3204	6989	timmy eap	ty mey eap
1163	6056	tom calvert	thomas w. calvert
1923	6409	tom kirkham	thomas kirkham
4933	7644	tom minka	thomas p. minka
2232	6559	tony j. allen	tony allen
4097	7342	tor aulin	tor m. aulin
4727	7587	tuukka k. haapasalo	tuukka haapasalo
1175	6063	ueli m. maurer	ueli maurer
1047	6007	umamaheswari c. devi	umamaheswari devi
1706	6301	ursula passing	ursula lobbert-passing
4375	7461	v. a. luchnikov	valeriy luchnikov
2005	6450	v. s. lakshmanan	laks v. s. lakshmanan
3581	7134	vahab s. mirrokni	seyed vahab mirrokni
5155	7700	vicente r. tomas lopez	vicente r. tomas
4609	4609	victor santibanez	victor santibanez
40	5539	vincent john mooney	vincent john mooney iii
2260	6572	vincent t. y. ng	vincent to-yee ng
3287	7027	vincent wade	vincent p. wade
162	5588	vinhthuy phan	vinhthuy t. phan
3281	7023	vinod kulathumani	vinodkrishnan kulathumani
3846	7248	virginia vassilevska	virginia vassilevska williams
4261	7419	vitaly e. kozura	vitaly kozyura
3798	7229	vrasidas charalambos	charalambos vrasidas
1189	6072	w. d. shepherd	doug shepherd
904	5936	w. sardha wijesoma	wijerupage sardha wijesoma
1596	6247	w. timothy strayer	tim strayer
1510	6204	wai-kiang yeap	wai k. yeap
2596	6716	warnakulasuriya anil chandana fernando	anil fernando
25	5533	willem-paul de roever	willem p. de roever
4253	7412	william l. scherlis	bill scherlis
3656	7162	wing hong lau	ricky lau
2880	6848	wm. benjamin martz jr.	ben martz
387	5697	wolfgang worndl	wolfgang woerndl
43	5541	xavier alaman roldan	xavier alaman
5388	7739	xavier reves	xavier reves balleste
5449	7744	xavier ros	xavier ros-oton
1581	6239	xin dong	xin luna dong
4126	7358	xuan hoai nguyen	nguyen xuan hoai
245	5630	yih-farn chen	yih-farn robin chen
2979	6896	ying-dar jason lin	ying-dar lin
429	5718	yoan j. pinzon	yoan jose pinzon ardila
4016	7313	yogesh simmhan	yogesh l. simmhan
2664	6749	zeng-zhi li	zengzhi li
1287	6115	zhongfei (mark) zhang	zhongfei zhang
512	5754	zongduo dai	zong-duo dai
2666	6750	zoran salcic	zoran a. salcic
