author_id_1	author_id_2	author_name_1	author_name_2
14754	14760	a frohner	akos frohner
10812	10819	a. acquisti	alessandro acquisti
5846	5845	a. anbulagan	anbulagan
8499	8500	a. b. (rami) shani	abraham b. shani
1806	1809	a. bona	andrea bona
471	15034	a. burns	alan burns
6822	6835	a. canas	antonio canas
5656	5647	a. cleary	andrew j. cleary
12881	12888	a. cucchiarelli	alessandro cucchiarelli
2938	2940	a. d. zakrevskij	arkadij zakrevskij
19026	19036	a. danjou	alicia danjou
8612	8637	a. de carvalho	andre carlos ponce leon ferreira de carvalho
10185	11923	a. dharchoudhury	abhijit dharchoudhury
17695	16657	a. diaz-ilarraza	arantza diaz de ilarraza
16649	16657	a. diaz-ilarraza	arantza diaz de ilarraza sanchez
3777	3782	a. doucet	arnaud doucet
4892	4916	a. espinosa-lujan	ada espinosa-lujan
1480	1490	a. evens jr.	arthur evans jr.
10757	10786	a. feldmann	anja feldmann
20001	20004	a. g. sittampalam	ganesh sittampalam
17114	17117	a. gerstlauer	andreas gerstlauer
5016	5019	a. giret	adriana giret
19691	19693	a. globerson	amir globerson
5877	5937	a. gonzalez	antonio gonzalez
13673	13679	a. j. daga	ajay j. daga
9314	9326	a. kalinov	alexey kalinov
12704	12711	a. kamiya	akimoto kamiya
10715	10708	a. kanhare	abhay kanhere
7948	7949	a. kannan	anitha kannan
7860	7863	a. katkov	aleksander katkov
5513	2757	a. l. ananda	akkihebba l. ananda
2745	2757	a. l. ananda	akkihebbal l. ananda
1653	16683	a. lim	andrew lim
3361	3365	a. matsiki	alexandros matsikis
12192	12199	a. micsik	andras micsik
19473	19482	a. molano	anastasio molano
5214	5216	a. movaghar	ali movaghar
20323	20352	a. mukherjee	amar mukherjee
17791	17777	a. naim	avi naim
8508	8511	a. parrain	anne parrain
6102	20739	a. perez-uribe	andres perez-uribe
2933	2934	a. polymeris	andreas polymeris
19622	19625	a. s. llado	anna s. llado
9875	9881	a. t. phillips	andrew t. phillips
13542	13546	a. tirado-ramos	alfredo tirado-ramos
17998	17999	a. v. patel	ambalal v. patel
15829	15831	a. virazel	arnaud virazel
2977	2956	a. wagner	alan wagner
1772	19210	a. zelikovsky	alexander zelikovsky
5148	9173	aahmed amine jerraya	ahmed amine jerraya
9859	9872	aart blockhuis	aart blokhuis
3818	19661	abbas el gamal	abbas el-gamal
17798	17799	abdalla a. abdel-ghaly	abdallah a. abdel-ghaly
17343	17343	abdelkader gouaich	abdelkader gouaich
15801	15813	abdulmotaleb el saddik	abdulmotaleb el-saddik
18343	18346	abhinandan jain	alhinandan jain
19651	19667	abraham ziv	avi ziv
10247	10247	adolfo guzman-arenas	adolfo guzman-arenas
2856	6076	adonios thanailakis	antonios thanailakis
20739	12213	adres perez-uribe	a. perez-uribe
6102	12213	adres perez-uribe	andres perez-uribe
9969	9973	adrian hilton	adrian j. hilton
2567	2574	adrian west	adrian j. west
14381	14381	agnes roby-brami	agnes roby-brami
14483	14485	agnieszka dardziska	agnieszka dardzinska
18094	18097	ahamd hasnah	ahmad hasnah
17733	12315	ahn ngoc vo	anh ngoc vo
12314	12315	ahn ngoc vo	vo ngoc anh
5738	5747	ai-chiao ku	ai chiao ku
2745	5513	akkihebba l. ananda	akkihebbal l. ananda
11497	11481	alan f. blackwell	alan f. backwell
298	367	alan schultz	alan c. schultz
11727	17015	albert l. sangiovanni-vincentelli	alberto l. sangiovanni-vincentelli
3635	3635	alberto garcia ortiz	alberto garcia ortiz
11662	11682	alessando orso	alessandro orso
13223	13232	alessandro barbesi	alessandro barabesi
3260	3191	alessandro f. garcia	alessandro garcia
12957	12962	alessndra fanni	alessandra fanni
8969	9013	alex a. freitas	alex alves freitas
16394	17315	alex a. shvartsman	alexander a. shvartsman
5893	5901	alex aleta	alex alete
17545	17560	alex garthwaite	alexander t. garthwaite
1814	4293	alex nicolau	alexandru nicolau
1514	1514	alex ramirez	alex ramirez
13323	13330	alex reche-martinez	alex reche martinez
19210	8151	alex z. zelikovsky	a. zelikovsky
1803	8151	alex z. zelikovsky	alexander z. zelikovsky
1772	8151	alex z. zelikovsky	alexander zelikovsky
15167	15176	alexander a. golbraikh	alexander golbraikh
21187	21177	alexander a. sawchuk	alexander a. sawchuck
931	19053	alexander gelbukh	alexander f. gelbukh
20154	20156	alexander voisin	alexandre voisin
18461	18470	alexander yeh	alexander s. yeh
19210	1803	alexander z. zelikovsky	a. zelikovsky
1772	1803	alexander z. zelikovsky	alexander zelikovsky
3560	3597	alison noble	j. alison noble
12046	12051	almericop murli	almerico murli
6259	15789	alok chourdary	alok n. choudhary
7107	3080	alon y. levy	alon y. halevy
5781	5781	aluizio f. r. araujo	aluizio f. r. araujo
5781	12338	aluzio f. r. araujo	aluizio f. r. araujo
5781	12338	aluzio f. r. araujo	aluizio f. r. araujo
10653	10697	amber roy-chowdhury	amber-roy chowdhury
7206	7211	amo elmasry	amr elmasry
7805	7812	ana arruarte arruarte	ana arruarte lasa
14532	14535	ana belen martinez prieto	a. b. martinez prieto
8955	15601	ana garcia fornes	ana garcia-fornes
4457	4495	anan rangarajan	anand rangarajan
8637	18165	andre carlos ponce leon ferreira de lucimar f. de carvalho	a. de carvalho
8612	18165	andre carlos ponce leon ferreira de lucimar f. de carvalho	andre carlos ponce leon ferreira de carvalho
396	401	andre l. battaiola	andre luiz battaiola
9819	9845	andree dehon	andre dehon
19635	19638	andrees aguayo	andres aguayo
7868	7868	andres suarez-gonzalez	andres suarez-gonzalez
6855	6893	andrew johnson	andrew e. johnson
19940	19939	andrew t. kwon	andrew tae-jun kwon
5050	5059	andy keane	andy j. keane
20943	20946	andy kehler	andrew kehler
2307	2307	angel rodriguez-vazquez	angel rodriguez-vazquez
2307	20208	angel. rodriguez-vazquez	angel rodriguez-vazquez
2307	20208	angel. rodriguez-vazquez	angel rodriguez-vazquez
14178	21133	angela e. s. goh	angela goh
15340	15341	angelo restificar	angelo c. restificar
15574	15578	angelos mihalas	angelos michalas
12314	17733	anh ngoc vo	vo ngoc anh
18542	18520	anil s. rao	anil rao
20365	20376	anirudh devgana	anirudh devgan
2282	2288	anke meyer-baese	anke meyer-base
19497	19508	ann p. massey	anne p. massey
15292	15296	anne-marie croteaul	anne-marie croteau
18074	18089	anneliese amscher andrews	anneliese amschler andrews
10709	10664	anshuman nayak	a. nayak
7743	19914	anthony k. h. tong	anthony k. h. tung
14734	14732	antonio a. f. oliveira	antonio de oliveira
8426	8425	antonio marti	antonio marti vicente santonja
6133	6143	antonio virgillito	antonino virgillito
7673	18679	aoying zhous	aoying zhou
16649	17695	arantza diaz de ilarraza	arantza diaz de ilarraza sanchez
12232	12222	ari musriami barmawi	ari moesriami barmawi
3900	3946	arkady zaslasvky	arkady b. zaslavsky
18683	18683	arnaldo de albuquerque araujo	arnaldo de albuquerque araujo
20181	20159	arne k. sandvik	arne k. sandovik
20166	20159	arne k. sandvik	arne k. sanvik
20181	20166	arne k. sanvik	arne k. sandovik
7400	7465	arnon s. rosenthal	arnon rosenthal
5735	5745	arr-ming chou	arr-mien chou
8639	8642	ashely bush	ashley bush
8897	8894	athanasios k. tsadiras	athansios k. tsadiras
15146	15157	atilla gursoy	attila gursoy
3182	3184	attlila gyenesei	attila gyenesei
5272	5286	auguin michel	michel auguin
2992	3113	avi silberschatz	abraham silberschatz
19181	19181	aybuke aurum	aybuke aurum
17105	17105	ayca tarhan	ayca tarhan
19519	19520	b chandra	b. chandra
18269	1458	b. b. sanugi	bahrom sanugi
16193	16201	b. benware	brady benware
4152	4176	b. c. desal	bipin c. desai
8411	8414	b. canet	bernard canet
5636	5642	b. carpentieri	bruno carpentieri
3661	3668	b. d. o. anderson	brian d. o. anderson
8124	8129	b. e. prasad	bandreddi e. prasad
7090	7096	b. fei	baowei fei
15590	15594	b. g. aguiar neto	benedito g. aguiar neto
16121	16122	b. gottfried	bjorn gottfried
222	227	b. hernandez	begona hernandez
1979	1975	b. j. chandler	brian j. chandler
6801	10841	b. j. garner	brian j. garner
4388	15989	b. j. lings	brian lings
21178	21188	b. k. jenkins	bob k. jenkins
11353	11355	b. kumar dey	bikash kumar dey
1339	1351	b. kwon	boseob kwon
6493	6506	b. ma	burton ma
5975	5980	b. mazer	e. mazer
5989	5980	b. mazer	emmanuel mazer
10124	10132	b. silvi	bernard silvi
13635	13637	b. turchiano	biagio turchiano
2258	2266	b. vandenbosch	betty vandenbosch
18254	18260	b. verma	brijesh verma
18535	18537	b. vijaykumar	b. vijayakumar
12684	12688	b. w. fordan jr.	b. w. jordan jr.
8674	8659	baihua zheng	baibua zheng
8378	8392	bala kalayansundaram	bala kalyanasundaram
13251	13251	balazs szorenyi	balazs szorenyi
7727	7737	barry richmond	barry j. richmond
2482	5053	barry tao	feng tao
19842	19830	ben anderson	b. anderson
7876	7900	ben j. a krose	ben j. a. krose
14115	14118	benjamin rodrigues de menezes	benjamim r. de menezes
1560	1557	benn m. lines	benn lines
10346	10364	bernadette doizzi	bernadette dorizzi
14424	14445	bernard buxton	bernard f. buxton
8870	8873	bernd michael kirstein	bernd-michael kirstein
15991	16014	berni schiefer	k. bernhard schiefer
20862	20863	bertrand thierion	bertrand thirion
7657	7648	bhaskar dasgupta	b. dasgupta
21264	21269	bijan sayyarodsari	bijan sayyarrodsari
20864	20873	bikramit banerjee	bikramjit banerjee
10451	10434	bill allcock	william e. allcock
3730	3773	bill buxton	william buxton
12964	12966	bill hutchinson	william hutchinson
4389	4389	bjorn lundell	bjorn lundell
7766	7781	bob day	r. a. day
7776	7781	bob day	robert a. day
4298	4311	bob spence	robert spence
5317	6746	bob zmud	robert w. zmud
18132	18136	bogdan tanas	bogdan tanasa
2747	2751	boon peng lee	lee boon peng
3127	3129	brent gallupe	r. brent gallupe
4645	4652	brian butler	brian s. butler
10423	10459	brian l. tierney	brian tierney
14682	14687	brian lovell	brian c. lovell
8326	8340	brian m. matthews	brian matthews
12774	12787	brian vanvoorst	brian van voorst
6623	6629	bruce porter	bruce w. porter
20772	20781	bruce richmond	l. bruce richmond
3623	3625	bruce weber	bruce w. weber
16127	16127	bruno feijo	bruno feijo
20789	20793	byung kyu choi	byung-kyu choi
5080	5115	byung s. lee	byung suk lee
9515	9517	c. a. glasbey	chris a. glasbey
212	212	c. aleman	c. aleman
223	212	c. aleman	carlos aleman
223	212	c. aleman	carlos aleman
3775	3780	c. andrieu	christophe andrieu
5825	5832	c. balbuena	camino balbuena
13947	18547	c. barret	claude barret
17033	17034	c. barron	carlos barron
2587	2614	c. baru	chaitanya k. baru
523	532	c. c. chang	chin-chen chang
10378	10395	c. c. woo	carson c. woo
16431	10395	c. c. woo	carson woo
20795	20798	c. choisy	christophe choisy
14731	14744	c. esperanca	claudio esperanca
18201	18209	c. f. beaulieu	christopher f. beaulieu
4626	4621	c. fonseca guerra	celia fonseca guerra
13974	13990	c. fox	chris fox
20813	20821	c. friedrich	carsten friedrich
524	531	c. h. lin	chu-hsing lin
20809	20812	c. i. grima	clara i. grima
810	825	c. j. moore	christopher j. moore
19399	19406	c. j. perez-vicente	c. j. perez vicente
19279	19291	c. krishna	c. mani krishna
10215	8221	c. l. liu	c. l. (dave) liu
20592	20626	c. m. cheng	chien-ming cheng
6433	6436	c. m. lee	chuan-min lee
5840	5853	c. m. li	chu min li
5372	5378	c. meunier	claude meunier
8861	16144	c. roncancio	claudia roncancio
6038	6028	c. ross	charlie ross
17098	17101	c. seel	christian seel
2254	17995	c. steele	nigel c. steele
2249	17995	c. steele	nigel steele
9636	9632	c. stone	chris stone
16065	16078	c. v. ravishankar	chinya v. ravishankar
15313	15303	c. van alsenoy	christian van alsenoy
9578	9583	c. w. dawson	christian w. dawson
3273	3276	c. w. liew	chun wai liew
1667	1678	c. w. tao	chin-wang tao
10395	13270	c. woo	c. c. woo
10378	13270	c. woo	carson c. woo
16431	13270	c. woo	carson woo
11504	11516	c. y. chrisment	claude chrisment
17440	1086	c. zhang	chengqi zhang
11754	11750	c. zoccolo	corrado zoccolo
18700	18685	camillo j. s. oliveira	camillo jorge santos oliveira
9363	11294	cao jing	jing cao
12897	12905	carl kadie	carl myers kadie
18687	18701	carlos alberto severiano jr.	carlos a. severiano jr.
3188	3261	carlos lucena	carlos jose pereira de lucena
12604	12611	carlos marques	carlos f. marques
4909	4894	carol harger	c. harger
1055	1066	carole delport-gallet	carole delporte-gallet
10378	16431	carson woo	carson c. woo
13807	21199	cauligi raghavendra	c. s. raghavendra
18919	21423	cecil chua	cecil eng huang chua
18917	21423	cecil chua	chua eng huang cecil
18917	18919	cecil eng huang chua	chua eng huang cecil
1852	1852	cecile fabre	cecile fabre
15357	15363	ch. steger	christian steger
18117	18119	chang shui zhang	chang-shui zhang
7336	5292	chang yanxun	yanxun chang
5196	17731	chang-ning huang	changning huang
7224	7230	chanjie wang	changjie wang
20955	21005	charles l. hansen	charles d. hansen
9225	9237	charles rosenberg	charles r. rosenberg
6967	6974	chaur heh hsieh	chaur-heh hsieh
12284	12286	chen daoxu	daoxu chen
9238	9240	chen haiming	haiming chen
20444	20453	chew kiat heng	chew-kiat heng
5357	14340	chi sing leung	andrew chi-sing leung
5364	14340	chi sing leung	chi-sing leung
17990	17994	chi-hsu wnag	chi-hsu wang
5732	5744	chi-nung chu	chi nung chu
5357	5364	chi-sing leung	andrew chi-sing leung
5746	5737	chih chen hui	chin-chen hui
9212	9188	chin lung lu	chin l. lu
4918	4908	chris a. fields	c. fields
12762	2265	chris higgins	christopher a. higgins
12132	12130	christian brechbuhler	ch. brechbuehler
2518	2524	christina leslie	christina s. leslie
2074	2078	christine montgomery	christine a. montgomery
11459	11466	christine wallace	chris s. wallace
2472	9217	chuan-yi tang	chuan yi tang
12471	12472	chyan goei chung	chyan-goei chung
18448	18448	ciaran bryce	ciaran bryce
7216	7223	cladio l. lucchesi	claudio l. lucchesi
8603	8610	claus braband	claus brabrand
596	1079	clement yu	clement t. yu
12648	12656	cliff grossner	clifford grossner
630	632	codrin nichitiu	codrin m. nichitiu
11627	11628	constant virgil negoita	constantin virgil negoita
6978	6990	craig chase	craig m. chase
17607	17643	cristian s. calude	cristian calude
3264	3272	cristina s. murta	cristina d. murta
13254	13255	crzegorz protaziuk	grzegorz protaziuk
11446	11490	curtis cook	curtis r. cook
9068	9081	d. a. edwards	david a. edwards
17111	17113	d. a. karras	dimitris a. karras
5258	5269	d. b. gurov	dilian gurov
15914	15938	d. carlson	david a. carlson
4890	4913	d. crowley	david crowley
8945	8951	d. e. leidner	dorothy e. leidner
3275	3277	d. e. smith	donald e. smith
1437	14616	d. evans	d. j. evans
1428	14616	d. evans	david j. evans
13526	13537	d. f. gillies	duncan fyfe gillies
13103	13112	d. g. vorobiev	d. g. vorobyev
13093	13112	d. g. vorobiev	d. v. vorobiev
13093	13103	d. g. vorobyev	d. v. vorobiev
608	1578	d. h. du	david hung-chang du
1428	1437	d. j. evans	david j. evans
12917	12925	d. l. neuhoff	david l. neuhoff
1884	1915	d. laforenza	domenico laforenza
15404	15407	d. leclet	dominique leclet
1522	21443	d. m. carter	david carter
1520	21443	d. m. carter	david m. carter
12210	20738	d. mange	daniel mange
18589	18592	d. muthiaye	d. muthiayen
20659	20662	d. r. shier	douglas r. shier
20850	20855	d. skuce	douglas r. skuce
18892	18904	d. sorensen	danny c. sorensen
2854	6094	d. soudris	dimitrios soudris
7668	15681	d. z. du	ding-zhu du
18764	18718	daewoo chung	deawoo chung
7095	3568	dale l. wilson	david l. wilson
7763	7786	dale sutcliffe	dale c. sutcliffe
6525	6533	damian cirotteau	damien cirotteau
2426	2427	dan benyamin	d. benyamin
10522	10526	daniel carter	dan carter
15907	15898	daniel d. zeng	daniel dajun zeng
1067	1069	daniel hermann	daniel herman
12237	13070	daniel laurent	dominique laurent
12451	13043	daniel menasce	daniel a. menasce
18618	18625	daniel pak-kong lu	daniel pak-kong lun
18711	18686	daniel ribeiro gomes	daniel r. gomes
10255	10272	daniele beauquire	daniele beauquier
6020	6056	darrell whitley	l. darrell whitley
1372	1384	dave andersen	david g. andersen
4504	4528	dave ingham	david b. ingham
18330	18328	dave powers	david powers
2294	2304	david allstot	david j. allstot
1520	1522	david carter	david m. carter
8771	8773	david cohen	david a. cohen
4006	4034	david forsyth	david a. forsyth
8727	2965	david g. kirkpatrick	j. david kirkpatrick
19023	12308	david g. lowe	david lowe
6870	6903	david haas	dave haas
18517	18543	david kriegman	david j. kriegman
18360	18362	david liu	david t. liu
18279	18279	david martinez	david martinez
21398	21398	david mazieres	david mazieres
8153	8161	david morse	david r. morse
14333	14339	david p. gilliarn	david p. gilliam
18208	18205	david paik	d. paik
4927	4902	david rider	d. rider
10657	11943	david t. blaauw	david blaauw
12113	12084	david taylor	david j. taylor
14587	14592	dean lorenz	dean h. lorenz
9564	17702	demetrios g. sampson	dimitrios sampson
17702	17714	demetrios sampson	demetrios g. sampson
2943	2979	derek gorden corneil	derek g. corneil
20557	20629	dhabaleswar panda	dhabaleswar k. panda
8648	8711	dik-lun lee	dik lun lee
8428	8455	dimiter avresky	dimiter r. avresky
714	738	dimitirios m. thilikos	dimitrios m. thilikos
20685	20721	dimitrios gunopoulos	dimitrios gunopulos
17714	9564	dimitrios sampson	demetrios sampson
4541	4543	dimitris rigas	dimitris i. rigas
10528	10536	din ding	qin ding
3368	3381	dinesh p mital	dinesh p. mital
10536	12293	ding qin	din ding
10528	12293	ding qin	qin ding
20102	20118	doborah knox	deborah knox
12789	12792	don shaw	donald b. shaw
17075	17075	donal b. downey	donal b. downey
20802	20805	donald bitzer	donald l. bitzer
2636	2644	donald c. wunsch ii	donald c. wunsch
19003	19006	donald o. case	donald owen case
18739	18749	dong-soo han	dongsoo han
2143	9791	doug r. vogel	douglas r. vogel
7351	7380	drew mcdermott	drew v. mcdermott
15236	15231	dunren che	duren che
2709	2739	dz-ching ju	roy dz-ching ju
20213	20220	e. barta	endre barta
14308	14305	e. braun	elke braun
9644	9657	e. bruzzone	elisabetta bruzzone
19534	19546	e. chouraqui	eugene chouraqui
4891	4914	e. dickinson	emily dickinson
19593	1451	e. galligani	emanuele galligani
11396	11403	e. grazzini	elisabetta grazzini
10873	16503	e. haghverdi	esfandiar haghverdi
104	4620	e. j. baerends	evert-jan baerends
6305	6309	e. omana-pulido	elsa omana-pulido
467	479	e. s. lee	e. stewart lee
17398	17419	e. s. sogomonjan	egor s. sogomonyan
17030	17027	e. schmutz	eric schmutz
4038	4051	e. stella	ettore stella
16019	16032	e. t. rolls	edmund t. rolls
16779	16770	e. todorovich	elias todorovich
5956	5992	e.-g. talbi	el-ghazali talbi
7843	7848	edgar koerner	edgar korner
2887	2877	edson caceres	e. n. caceres
5325	5326	edward williams	edward michael williams
13332	13336	ejlali ghassem miremadi	seyed ghassem miremadi
12980	12985	elder m. hemerly	elder moreira hemerly
17104	17104	elif demirors	elif demirors
5871	5874	elizabeth j. davidson	elizabeth davidson
3708	3709	emilio alba conejo	emilio alba-conejo
5975	5989	emmanuel mazer	e. mazer
19710	19719	erhard hinrichs	erhard w. hinrichs
14503	7827	eric anderson	eric j. anderson
3622	1745	eric grimason	e. grimson
1038	1745	eric grimason	w. eric l. grimson
3622	8324	eric grimson	e. grimson
1745	8324	eric grimson	eric grimason
1038	8324	eric grimson	w. eric l. grimson
7425	7467	eric r. hughes	eric hughes
15516	20914	erik hagerstern	erik hagersten
7567	7594	erkki oja1	erkki oja
5480	5483	ernesto costa	ernesto jorge costa
13361	13366	ernst schuegraf	ernst j. schuegraf
18402	18413	eunice santos	eunice e. santos
8952	8952	eva onaindia	eva onaindia
8029	8031	evgenia d. popova	evgenija d. popova
17644	17646	ewa malesiska	ewa malesinska
7259	7269	ezra w. black	ezra black
11772	11774	f. al-balooshi	fawzi albalooshi
20184	20187	f. albert	francisco albert
18066	18069	f. alvarez garcia	fernando alvarez garcia
5252	5256	f. barthelemy	francois barthelemy
20097	20099	f. bennis	fouad bennis
14140	14138	f. biennier	frederique biennier
16513	16531	f. deturck	filip de turck
19857	19864	f. devos	francis devos
18181	18190	f. drews	frank drews
18921	18924	f. fekri	faramarz fekri
208	210	f. j. luque	f. javier luque
14641	14651	f. lamperti	gianfranco lamperti
6722	6725	f. m. goncalves	fernando m. goncalves
685	688	f. mazzanti	franco mazzanti
2483	2510	f. murtagh	fionn murtagh
12479	12493	f. rousselot	francois rousselot
669	675	f. s. salman	f. sibel salman
4182	4170	f. sadri	fereidoon sadri
15963	15969	f. samson	franck samson
20829	20824	f. schreiber	falk schreiber
10994	10997	f. sgallari	fiorella sgallari
2306	2322	f. v. fernandez	francisco v. fernandez
18381	14902	f. wang	feiyi wang
1143	1177	fabio honsell	furio honsell
20378	20386	fayez el-guibaly	fayez el guibaly
17970	17970	felix garcia	felix garcia
20288	20291	felix v. hundelshausen	felix von hundelshausen
32	44	feng dengguo	dengguo feng
2660	2675	fengzhu su	fengzhu sun
17273	17289	fernando g. moraes	fernando gehm moraes
12988	12993	fernando s. osorio	fernando santos osorio
2244	2246	filipe c. da costa	filipe correa da costa
4145	4145	flavio keidi miyazawa	flavio keidi miyazawa
9160	3557	flavio rech wagner	flavio r. wagner
1023	3612	florin talos	ion-florin talos
5640	5641	francesco rizzo	f. rizzo
18418	18418	francisco gomez	francisco gomez
1128	1134	francisco j. diez	francisco javier diez
14531	14536	francisco ortin	francisco ortin soler
13549	13550	francisco reverbell	francisco reverbel
17140	2306	francisco v. fernandez	francisco fernandez de vega
10325	10325	francois guimbretiere	francois guimbretiere
5125	5125	francois-xavier standaert	francois-xavier standaert
3961	3964	frand m. candocia	frank m. candocia
9549	14467	frank boutault	franck boutault
9792	9799	frank f. francone	frank d. francone
12829	19071	frank m. shipman	frank m. shipman iii
19071	12863	frank shipman	frank m. shipman
12829	12863	frank shipman	frank m. shipman iii
18936	18930	frank z. smadja	frank a. smadja
16210	16211	fred brown	alfred l. brown
17985	17988	fred davis	fred d. davis
3533	3551	fred wu	frederick wu
9304	9304	frederic mulatero	frederic mulatero
9030	9030	frederic petrot	frederic petrot
9676	9676	frederic vernier	frederic vernier
20390	20443	fumio miyasaki	fumio miyazaki
1158	1178	furio alessi	fabio alessi
7560	7564	g. al-hayek	ghassan al hayek
2340	2347	g. berger sabbatel	gilles berger-sabbatel
7329	7331	g. canals	gerome canals
7231	7246	g. cardarilli	g. c. cardarilli
14605	14613	g. cavalheiro	gerson g. h. cavalheiro
12690	12696	g. di stefano	gabriele di stefano
8405	8409	g. dragffy	gabriel dragffy
8874	8885	g. ferrari	giacomo ferrari
5290	5295	g. ge	gennian ge
13534	13534	g. gomez	g. gomez
614	618	g. goncalves	gilles goncalves
20233	20238	g. hutton	graham hutton
21012	21025	g. j. michaelson	greg michaelson
15437	15445	g. jakse	g. jaske
13188	13191	g. jimenez	gabriel jimenez
9800	9805	g. kormentzas	george kormentzas
12041	18680	g. laccetti	giuliano laccetti
10173	10165	g. leguizamon	guillermo leguizamon
8356	8376	g. nicolescu	gabriela nicolescu
3929	3923	g. p. martin	g. m. martin
7126	7134	g. palumbo	gaetano palumbo
14668	14673	g. s. ng	geok see ng
13867	13871	g. sabbagh	gabriel sabbagh
1768	1459	g. spaletta	giulia spaletta
7957	7955	g. taricco	giorgio taricco
11380	11394	g. valetto	giuseppe valetto
21215	21220	g. waters	a. gill waters
15405	15408	g. weidenfeld	gerard weidenfeld
15299	15306	g. wu	guang wu
19898	11024	g. zanon	guy zanon
9380	9407	g. zimmermann	gerhard zimmermann
19641	19650	gabi sonnenberger	gabriele sonnenberger
14460	14460	gabor retvari	gabor retvari
12119	12164	gabor sekely	gabor szekely
12731	919	gabriel gonzalez	gabriel gonzalez s.
5129	5129	gael rouvroy	gael rouvroy
9252	9265	galina v. orlova	galina orlova
17228	17254	garry cottrell	garrison w. cottrell
1921	1924	gary bundell	gary a. bundell
3893	3898	gemma bel-enguix	gemma bel enguix
17936	17940	geoff j. m. parker	geoffrey j. m. parker
1494	19822	geoff lowney	p. geoffrey lowney
12657	12664	geoffrey gordon	geoffrey j. gordon
2333	16648	geoges gielen	georges g. e. gielen
20210	16648	geoges gielen	georges gielen
2425	2397	george a. constantinides	george a. constantinidis
11703	11704	george mouradian	george v. mouradian
19194	19205	george n. reeke jr	george n. reeke jr.
14461	14462	george neville-nei	george neville-neil
3470	3487	george stockman	george c. stockman
2333	20210	georges gielen	georges g. e. gielen
18099	18099	geovane c. magalhaes	geovane c. magalhaes
2370	2370	geraldine morin	geraldine morin
14063	14063	gerard villermain lecolier	gerard villermain lecolier
14038	14053	gerd heyer	gerhard heyer
9407	14677	gerhard zimmerman	g. zimmermann
9380	14677	gerhard zimmerman	gerhard zimmermann
15319	15323	gianfranco moro	gianluca moro
11652	11661	giang shen	qiang shen
8023	8026	gigi kelly	gigi g. kelly
12682	12683	gilberto a. cysneiros	gilberto a. cysneiros filho
3311	3311	giuseppe patane	giuseppe patane
17347	3311	giuseppe patane	giuseppen patane
3311	17347	giuseppen patane	giuseppe patane
19428	20940	goga nicolae	n. goga
12614	20940	goga nicolae	nicolae goga
12623	20940	goga nicolae	nicu goga
18148	18159	gordon manson	gordon a. manson
5049	5056	graeme pound	graeme e. pound
4363	4377	graeme ritchie	graeme d. ritchie
5306	6018	graham a. julien	graham a. jullien
13151	17765	graham cameron	g. cameron
4372	4381	graham j. russel	graham j. russell
7539	4381	graham j. russel	graham russell
7539	4372	graham j. russell	graham russell
16097	16101	graham jared	graham e. m. jared
16966	5144	grand martin	grant martin
11186	11190	greg calbert	gregory calbert
19490	19492	gregory conti	gregory j. conti
2680	20849	gro bjerkness	gro bjerknes
2680	2683	gros bjerknes	gro bjerknes
13872	13872	guido araujo	guido araujo
18680	12045	guiliano laccetti	g. laccetti
12041	12045	guiliano laccetti	giuliano laccetti
915	915	guillermo rodriguez	guillermo rodriguez
12968	12974	guo-liang chen	guoliang chen
16793	16793	guy melancon	guy melancon
14947	14958	h. a. de jong	hayco de jong
13293	13300	h. c. bunt	harry bunt
1578	1583	h. c. du	d. h. du
608	1583	h. c. du	david hung-chang du
1579	1582	h. c. yen	s. h. yen
4939	4979	h. d. spence	hugh d. spence
7320	7314	h. h. kim	heunghwan kim
5222	5235	h. h. teo	hock-hai teo
7901	7946	h. iba	hitoshi iba
5585	5591	h. j. shyr	huei-jan shyr
12071	12110	h. l. lutfiyya	hanan lutfiyya
13131	13164	h. lehvaslaiho	heikki lehvaslaiho
12431	12407	h. levendel	haim levendel
11078	11086	h. lin	hai lin
5772	5776	h. maehara	hiroshi maehara
19187	18086	h. petersson	hakan petersson
14804	7039	h. r. rao	h. raghav rao
14324	14328	h. s. ranganath	heggere s. ranganath
4313	4317	h. s. seung	h. sebastian seung
14213	14237	h. schlichter	johann h. schlichter
2932	8467	h. wang	hua xiong wang
2914	8467	h. wang	huaxiong wang
16714	603	h. y. chen	huo yan chen
17195	17198	h. y. k. lau	henry y. k. lau
4442	4448	h. yan	hao yan
9277	10872	h. yenigun	husnu yenigun
15434	15430	h.-w. staudte	h.-w. straudte
18024	18033	haider ramadhan	haider ali ramadhan
15862	15872	hamid nawab	s. hamid nawab
15627	15629	han-shuh koo	han-suh koo
638	657	hank walker	d. m. h. walker
4454	4455	hannes hoge vilhjalmsson	hannes hogni vilhjalmsson
392	7173	harold thimbleby	harold w. thimbleby
9690	11698	harry scarbrough	harry scarborough
15773	15770	harsha s. nagesh	h. nagesh
9457	9457	hector geffner	hector geffner
14393	14398	hector gonzalez-banos	hector h. gonzalez-banos
18716	18782	hee-yong youn	hee yong youn
18211	18221	heinrich hussman	heinrich hussmann
6736	6748	heinz klein	heinz k. klein
15665	15654	hejiao huang	h.-j. huang
12278	12280	helen armstrong	helen l. armstrong
1407	1419	helen m. berman	helen berman
13654	13661	helen thomas	helen m. thomas
2209	2210	henry thompson	henry s. thompson
274	296	heon y. yeom	heon young yeom
1101	1109	heonchang yu	heon-chang yu
3841	3817	herman schmit	h. schmit
9910	9937	hert kuchen	herbert kuchen
264	264	herve luga	herve luga
9424	9435	heth a. james	heath a. james
18631	13431	hideaki sugawara	h. sugawara
7913	7942	hideyuki mitsuhashi	hideyuki mitsuhasi
4110	16038	hing-fing ting	hing-fung ting
19775	19739	hironobu ohmatsu	h. omatsu
17911	17925	hirosi nakagawa	hiroshi nakagawa
8066	8076	ho-dong yoo	hodong yoo
8692	8671	hoi ka kit	ka kit hoi
19579	19574	hong-gu ahn	hong gu ahn
10273	10296	hong-linh truong	hong linh truong
20681	20683	hoo-lun t. wong	ho-lun t. wong
3892	8514	horacia m. gonzalez velasco	horacio gonzalez velasco
3886	8514	horacia m. gonzalez velasco	horacio m. gonzalez velasco
17804	8514	horacia m. gonzalez velasco	horacio m. gonzalez-velasco
10417	12956	horacio arlo costa	horacio l. arlo costa
10414	12956	horacio arlo costa	horacio l. arlo-costa
3886	3892	horacio gonzalez velasco	horacio m. gonzalez velasco
10414	10417	horacio l. arlo costa	horacio l. arlo-costa
3892	17804	horacio m. gonzalez-velasco	horacio gonzalez velasco
3886	17804	horacio m. gonzalez-velasco	horacio m. gonzalez velasco
1593	1660	hsi-chung chen	hsi-chuan chen
2914	2932	hua xiong wang	huaxiong wang
18907	18908	hubera kritzenberger	huberta kritzenberger
7487	7493	hung hai bu	hung hai bui
4306	4302	hus su	hua su
19189	19192	hussam abu-haimed	husam abu-haimed
5938	16755	hussein abdel-wahab	hussein m. abdel-wahab
7543	7545	hye-chung (monica) kim	hye-chung (monica) kum
18379	7545	hye-chung (monica) kim	hye-chung kum
7543	18379	hye-chung kum	hye-chung (monica) kum
14024	21299	i. aedo	ignacio aedo
21201	21201	i. burhan turksen	i. burhan turksen
3355	5650	i. dhillon	inderjit dhillon
3346	5650	i. dhillon	inderjit s. dhillon
660	666	i. hernaez	inma hernaez
21372	21377	i. katzela	irene katzela
10788	10792	i. lee	ickjai lee
163	165	i. lemberski	igor lemberski
1795	10095	i. markov	igor l. markov
13949	13951	i. nemenman	ilya nemenman
5829	5833	i. pelayo	ignacio m. pelayo
20648	20656	i. t. young	ian t. young
17120	17124	i.-fan sun	i-fan sun
10055	10067	ian galdberg	ian goldberg
10937	10976	igor e. shparlinski	igor shparlinski
9569	9560	igor velbitskiyi	igor velbitskiy
9330	9322	ilya ledovskih	i. ledovskikh
20190	74	inald lagendijk	reginald l. lagendijk
3346	3355	inderjit dhillon	inderjit s. dhillon
6147	14151	inui kentaro	kentaro inui
14149	14150	inui takashi	takashi inui
17577	17583	ioanis pratikakis	ioannis pratikakis
5435	9575	ioannis vlahavas	ioannis p. vlahavas
14449	14449	ionut cardei	ionut cardei
6418	15413	irene kwan	irene s. y. kwan
17981	9585	isabel h. manssour	isabel harb manssour
6733	6727	isabel teixeira	i. c. teixeira
14058	14060	isil khriss	ismail khriss
13376	13383	ismail kolcu	ibrahim kolcu
19726	12509	israel munoz	alber figueras israel munoz
5027	5040	itsujirou arita	itsujiro arita
17050	17070	iuseppe cattaneo	giuseppe cattaneo
2893	2895	ivan garibay	ivan i. garibay
8912	8944	izak banbasat	izak benbasat
3284	3295	j. a. barnden	john a. barnden
5328	5348	j. a. campbell	john a. campbell
9044	9047	j. arcangeli	jean-paul arcangeli
3662	3669	j. b. moore	john b. moore
4643	9882	j. b. rosen	j. ben rosen
15191	15203	j. besi	jozsef bekesi
12868	12869	j. borkowski	janusz borkowski
11222	11227	j. briat	jacques briat
8421	5526	j. c. campelo	jose carlos campelo
17024	17026	j. c. hansen	jennie c. hansen
17894	17901	j. clark	james clark
20058	20067	j. cleary	john cleary
11162	11165	j. d. brand	jason brand
6776	6779	j. e. finlay	janet finlay
17320	17335	j. f. baldwin	james f. baldwin
4143	4144	j. f. dillon	john f. dillon
6413	17957	j. fong	joseph fong
2119	2118	j. george	joey f. george
6311	6313	j. hormigo	javier hormigo
2627	2633	j. i. den hartog	jerry den hartog
16549	16565	j. j. levy	jean-jacques levy
8422	5529	j. j. serrano	juan jose serrano
10999	11009	j. jiang	jing jiang
20546	20551	j. johansen	john r. johansen
14963	14973	j. jourdan	jean jourdan
10539	10545	j. knowles	joshua d. knowles
20182	20188	j. m. gomis	jose maria gomis
11062	11062	j. m. gonzalez-linares	j. m. gonzalez-linares
14581	14585	j. m. j. murre	jaap m. j. murre
17570	21548	j. m. mantas	jose m. mantas ruiz
2855	16095	j. m. mendias	jose manuel mendias
1868	1881	j. m. talbot	jean-marc talbot
3117	3118	j. madelaine	jacques madelaine
20759	20762	j. muller	jochen muller
12915	14332	j. nandhakumar	joe nandhakumar
5180	5212	j. nie	jian-yun nie
9297	9299	j. p. braga	joao pedro braga
5791	5792	j. p. newall	james p. newall
11280	11282	j. polak	jiri polak
18427	18436	j. raik	jaan raik
6803	19355	j. roger hartley	roger hartley
11163	11166	j. s. d. mason	john s. mason
10143	10145	j. s. j. chen	jason s. j. chen
15465	15472	j. s. pan	jeng-shyang pan
16667	16665	j. stage	jan stage
5388	19217	j. sun	jizhou sun
5391	19217	j. sun	sun jizhou
12335	12334	j. valls	javier valls-coquillat
10605	10607	j. van den berg	jan van den berg
20008	20010	j. w. danial	j. w. h. daniel
3390	3398	j. w. essex	jonathan w. essex
16164	16175	j. y. girard	jean-yves girard
15179	15183	j.-p. calabretto	jean-pierre calabretto
13622	13630	j.-p. thomesse	jean-pierre thomesse
15472	20363	j.-s. pan	j. s. pan
15465	20363	j.-s. pan	jeng-shyang pan
9691	9685	jacky a. swan	jacky swan
17717	13921	jacques vendenbulcke	jacques vandenbulcke
19575	19580	jae sung lim	jae-sung lim
3400	3408	jae-ha le	jae-ha lee
4553	4554	james a. fill	james allen fill
12002	12007	james alexander	james h. alexander
12927	12954	james allen	james f. allen
19379	19387	james b. d. joshi	james joshi
2449	6276	james cowie	james r. cowie
831	842	james graham	james h. graham
5021	5024	james propp	james gary propp
852	860	james thornton	james d. thornton
939	998	jamie carbonell	jaime g. carbonell
20211	20219	jamps murvai	janos murvai
11127	11134	jan hendrick hausmann	jan hendrik hausmann
20158	20178	jan komorowski	henryk jan komorowski
13584	13588	jan warren	ian warren
10687	4245	janak h. patel	janak patel
14297	14309	jannik fitsch	jannik fritsch
14265	14285	jano m. de souza	jano moreira de souza
191	199	janos toczki	j. toczki
1813	1834	jaques cohen	jacques cohen
11175	11185	jasjit s suri	jasjit s. suri
21112	21116	jason fulman	jason e. fulman
1016	8241	jason s. cong	jason cong
3449	3469	jaume agusti	jaume agusti-cullell
15247	15262	javier juiz-del-solar	javier ruiz-del-solar
8424	5561	javier molero	xavier molero
14122	14122	javier sanchez-reyes	javier sanchez-reyes
2104	2122	jay f. nunamaker	jay nunamaker
2122	13645	jay f. nunamaker jr.	jay f. nunamaker
13645	2104	jay nunamaker	jay f. nunamaker jr.
10136	10136	jean royaute	jean royaute
3710	3710	jean-francois puget	jean-francois puget
1325	1325	jean-luc bechennec	jean-luc bechennec
10373	10375	jean-philippe lagrange	jean philippe lagrange
3508	3503	jean-phillipe guyon	jean-philippe guyon
14342	13036	jeff offutt	a. jefferson offutt
17817	17841	jeffery b. lotspiech	jeffrey b. lotspiech
7098	7093	jeffery duerk	jeffrey duerk
1545	1547	jeffery m. usher	jeffrey m. usher
10815	11541	jeffrey bradshaw	jeffrey m. bradshaw
18611	18614	jeffrey coombs	jeffrey s. coombs
1547	14055	jeffrey usher	jeffery m. usher
1545	14055	jeffrey usher	jeffrey m. usher
6719	13249	jenny preece	jennifer preece
11521	11524	jens-uwe moeller	jens-uwe moller
586	1602	jenwei hsieh	junwei hsieh
8236	8181	jeoy y. lin	joey y. lin
10627	10627	jerome baudry	jerome baudry
16822	16846	jerry burch	jerry r. burch
492	500	jessel jean-pierre	jean-pierre jessel
4497	4497	jesus lores	jesus lores
5881	5900	jesus sanchez	f. jesus sanchez
15680	15676	jiandong huang	j. huang
6276	2462	jim cowie	james cowie
2449	2462	jim cowie	james r. cowie
12300	12313	jim j. little	james j. little
19024	12313	jim j. little	jim little
12300	19024	jim little	james j. little
8535	8539	jimmy huang	jimmy c. huang
7757	9361	jin wen	wen jin
259	259	jiri pospichal	jiri pospichal
259	259	jiri pospichal	jiri pospichal
259	259	jiri pospichal	jiri pospichal
10765	10765	jiri sgall	jiri sgall
8922	8927	jiye mao	ji-ye mao
2817	2820	joao batista de oliveira	joao batista s. de oliveira
2820	10370	joao batista oliveira	joao batista de oliveira
2817	10370	joao batista oliveira	joao batista s. de oliveira
14082	14087	joao brisson lopes	joao brisson-lopes
7535	7535	joao gouveia	joao gouveia
8352	8352	joel leroy	joel leroy
16454	16454	johan aqvist	johan aqvist
17155	17158	johann cro?schadl	johann gro?schadl
10728	10650	john a. chandy	john chandy
14289	14295	john a. fulcher	john fulcher
3967	4004	john baras	john s. baras
3079	2995	john bruno	john l. bruno
1169	1156	john c. mitchell	john mitchell
19239	19252	john c. sheperdson	john c. shepherdson
18101	7541	john carroll	john a. carroll
12167	12188	john cioffi	john m. cioffi
7725	7734	john hertz	john a. hertz
17078	17096	john ioannides	john ioannidis
13337	13340	john li	john z. li
19330	19332	john lin	john y. lin
9052	9057	john m. cohn	john cohn
15476	15482	john mcdonald	john alan mcdonald
4924	4898	john oneill	j. oneill
5812	11626	john p. shen	john paul shen
4247	21502	john reif	john h. reif
4928	4903	john rohrlich	j. rohrlich
8521	8531	john schultz	john l. schultz
739	756	john slaney	john k. slaney
12668	756	john slaney	john slanley
739	12668	john slanley	john k. slaney
1748	3618	john w. fisher	john w. fisher iii
2400	7085	john w. oleary	john oleary
17518	17521	john w. perram	john perram
1406	1426	john westbrook	john d. westbrook
5953	20874	johnathan moore	johnathan p. moore
5951	20874	johnathan moore	jonathan p. moore
5951	5953	johnathan p. moore	jonathan p. moore
4930	4904	jolene schwertfeger	j. schwertfeger
9971	9982	jon hall	jon g. hall
6538	6540	jonathan glic	jonathan glick
9092	15344	jonathan nash	jonathan m. nash
11525	11563	jorg muller	jorg p. muller
18290	18297	jorge h. doorn	jorge horacio doorn
5165	5172	jos trienekens	jos j. m. trienekens
19736	19736	jose a. calderon-martinez	jose a. calderon-martinez
17572	17573	jose a. carrillo	jose a. carrillo de la plata
13343	13343	jose a. garcia	jose a. garcia
13343	13343	jose a. garcia	jose a. garcia
13343	13343	jose a. garcia	jose a. garcia
9530	9530	jose a. montenegro	jose a. montenegro
19157	19144	jose angel bolea	jose a. bolea
16039	16042	jose borges	jose a. borges
1928	1946	jose c. maldonado	jose carlos maldonado
2996	2996	jose carlos brustoloni	jose carlos brustoloni
5478	5486	jose ferreira	jose luis ferreira
10246	16791	jose francisco martinez-trinidad	jose francisco martinez trinidad
2677	2677	jose l. bosque	jose l. bosque
3701	3701	jose m. jerez-aragones	jose m. jerez-aragones
16095	2857	jose m. mendias	j. m. mendias
2855	2857	jose m. mendias	jose manuel mendias
17962	17978	jose m. pen sanchez	jose m. pena sanchez
19436	19434	jose m. perez	jose maria perez
12892	12896	jose m. turull-torres	jose maria turull torres
2082	2082	jose miro-julia	jose miro-julia
17286	17274	jose palma	jose carlos palma
14854	14859	jose pereira	jose orlando pereira
3947	3947	jose ramon quevedo	jose ramon quevedo
15585	14335	josef s. sherif	joseph s. sherif
21226	21259	josep bernabeu	jose m. bernabeu-auban
2321	2339	josep lluis de la rosa	j. m. de la rosa
2339	19732	josep lluis de rosa	josep lluis de la rosa
9026	9026	josep vilaplana-pasto	josep vilaplana-pasto
13581	4231	joseph a. fisher	josh fisher
5458	5453	joseph manning	josef manning
13920	13931	jozef wijsen	jef wijsen
6647	6647	jozsef kovacs	jozsef kovacs
6647	6647	jozsef kovacs	jozsef kovacs
6647	6647	jozsef kovacs	jozsef kovacs
4197	4076	ju-zhen dong	juzhen dong
1842	1839	juan carlos lopez	joan carlos lopez
6674	6674	juan rios	juan rios
10040	10048	juergen rillin	juergen rilling
13091	9250	julia v. ponomarenko	y. v. ponomarenko
762	764	julio cesar hernandez	julio cesar hernandez castro
17571	5297	julio ortega	julio ortega-lopera
7345	7347	julio solano gonzalez	julio solano-gonzalez
1602	1658	jun-wei hsieh	jenwei hsieh
586	1658	jun-wei hsieh	junwei hsieh
17801	17803	jungfeng qi	junfeng qi
11276	11278	junichi fukumoto	jun-ichi fukumoto
12457	13286	jussara a. almeida	jussara m. almeida
3271	12457	jussara m. almeida	jussara m. de almeida
13286	3271	jussara m. de almeida	jussara a. almeida
17904	17910	k c. hui	k. c. hui
9874	9883	k. a. dill	ken a. dill
6471	6483	k. barkaoui	kamel barkaoui
6613	6643	k. barker	ken barker
14821	14851	k. c. chua	kee chaing chua
12450	12441	k. d. johnston	kim johnston
9122	9121	k. djemame	karim djemame
13290	13292	k. dohsaka	kohji dohsaka
18176	18191	k. ecker	klaus ecker
19743	19764	k. eguchi	kenji eguchi
8893	1460	k. g. margaritis	konstantinos g. margaritis
8777	8779	k. h. kim	ki hang kim
20838	20847	k. halonen	kari halonen
11630	11631	k. hanakata	kenji hanakata
17761	17770	k. henrick	kim henrick
20574	20617	k. hwang	kai hwang
13421	13428	k. ikeo	kazuho ikeo
4855	4858	k. k. yiu	kwok-kwong yiu
12625	12647	k. kogure	kiyoshi kogure
9186	17687	k. m. chao	kun-mao chao
1460	1477	k. margaritis	k. g. margaritis
8893	1477	k. margaritis	konstantinos g. margaritis
19742	19763	k. mori	kensaku mori
19011	19021	k. netter	klaus netter
6542	7010	k. nowka	kevin j. nowka
13073	13076	k. pakdaman	khashayar pakdaman
8643	8646	k. pommerening	klaus pommerening
12722	12729	k. s. pawar	kulwant s. pawar
155	160	k. salamatian	kave salamatian
8994	16358	k. satoh	ken satoh
6913	4750	k. shirai	katsuhiko shirai
9956	9966	k. sikkel	klaas sikkel
17663	17668	k. smith	kent f. smith
6450	12037	k. strehl	karsten strehl
19450	19457	k. vijayan asari	vijayan k. asari
8191	10096	k. yan	kenneth yan
21036	21044	k. yao	kung yao
9966	10367	kaas sikkel	k. sikkel
9956	10367	kaas sikkel	klaas sikkel
15955	15957	kai-chun chiu	kai chun chiu
11108	11124	kaizar a. amin	kaizar amin
8448	19350	karl-erwin grosspietsch	karl-erwin gro?pietsch
175	175	karoly fabricz	karoly fabricz
20533	17402	kartik mohanramy	kartik mohanram
12214	12217	katharina langkav	katharina langkau
18928	18976	kathleen r. mckeown	kathleen mckeown
7608	7616	keb-jeng chang	keh-jeng chang
5380	5386	kei chun li	kei-chun li
3699	3681	keith hanna	keith j. hanna
309	6021	keith w. mathias	keith e. mathias
15550	15557	kelvin ross	kelvin j. ross
16103	16098	ken g. swift	ken swift
18521	18544	ken goldberg	kenneth y. goldberg
13432	17576	kenich kanatani	ken-ichi kanatani
13441	17576	kenich kanatani	kenichi kanatani
13432	13441	kenichi kanatani	ken-ichi kanatani
2222	2238	kenneht j. waldron	kenneth j. waldron
17358	17358	khaled bsaies	khaled bsaies
18025	18029	khalil shihah	khalil shihab
19889	19889	khalil simaan	khalil simaan
5385	5382	kit-kuen yip	kit kuen raymond yip
15425	15446	klaus rademacher	klaus radermacher
9966	16120	klaus sikkel	k. sikkel
10367	16120	klaus sikkel	kaas sikkel
9956	16120	klaus sikkel	klaas sikkel
9492	9484	kohichi hori	koichi hori
8541	8546	kostas ergazakis	konstantinos ergazakis
8542	8545	kostas karnezis	konstantinos karnezis
15225	15228	kulathur s. rajasethupathyy	kulathur s. rajasethupathy
4591	4617	kuo-lian chung	kuo-liang chung
15048	15127	kwang-ting (tim) cheng	kwang-ting cheng
10303	10306	l. barone	luigi barone
4123	20639	l. c. hui	lucas chi kwong hui
1405	15123	l. chen	li chen
16182	16191	l. churilov	leonid churilov
11706	11719	l. d. cohen	laurent d. cohen
9646	9658	l. de floriani	leila de floriani
7748	7745	l. feng	ling feng
2689	2700	l. gonzalez	laureano gonzalez-vega
15820	15830	l. guiller	lois guiller
6582	761	l. javier garcia villalba	l. javier garcia-villalba
4564	4572	l. kallivokas	loukas f. kallivokas
17368	17374	l. l. miller	leslie l. miller
11104	11107	l. lima	luiz paula lima jr.
16566	16576	l. linsen	lars linsen
13619	4968	l. m. loew	leslie m. loew
1528	1534	l. miller	les miller
10890	9025	l. perez-vidal	l. perez-vidat
9021	9025	l. perez-vidal	lluis perez-vidal
9021	10890	l. perez-vidat	lluis perez-vidal
4200	4202	l. spacek	libor spacek
10304	10307	l. while	lyndon while
10316	10307	l. while	r. lyndon while
5287	5287	lamber m. m. royakkers	lamber m. m. royakkers
642	639	lan zhao	l. zhao
11417	11439	larry l constantine	larry l. constantine
17265	17270	larry manevitz	larry m. manevitz
3792	3861	larry pileggi	lawrence t. pileggi
132	132	laszlo a. szekely	laszlo a. szekely
132	20007	laszlo szekely	laszlo a. szekely
132	20007	laszlo szekely	laszlo a. szekely
19847	19849	laura bartolo	laura m. bartolo
19039	19042	lauren wright	lauren k. wright
14414	14420	laurent e. ghaoui	laurent el ghaoui
16943	14420	laurent e. ghaoui	laurent elghaoui
14414	16943	laurent elghaoui	laurent el ghaoui
311	327	lawrence davis	david davis
2964	2963	leizhen cai	l. cai
5472	5470	leon smalov	leonid smalov
18348	18352	leonore blum	lenore blum
14000	19326	leornard j. bass	leonard j. bass
17747	7719	li ming	m. li
2043	7719	li ming	ming li
11096	12823	li minglu	minglu li
7795	7803	li wen	wen li
16434	16446	li xuandong	xuandong li
1475	17891	li-shan kang	lishan kang
21380	21395	lianwen zhang	nevin lianwen zhang
12823	11103	liming lu	li minglu
11096	11103	liming lu	minglu li
5733	5741	ling-fu meng	ling fu meng
17337	17342	lino costa	lino a. costa
18909	18916	liong-yu tu	liongyu tu
10406	10409	liu xuhua	xuhua liu
20915	20923	lociano silva	luciano silva
17587	17593	lorin hitt	lorin m. hitt
3858	9061	lou scheffer	louis scheffer
14129	14133	louis-phillipe morency	louis-philippe morency
16803	16808	luasz skorwider	lukasz skorwider
7079	7065	luchun	lu chun
12413	17068	luigi romano	l. romano
3146	3148	luigi troian	luigi troiano
5673	5673	luis c. lamb	luis c. lamb
12608	12608	luis custodio	luis custodio
18002	18002	luis ferreira pires	luis ferreira pires
8506	8506	luis g. rueda	luis g. rueda
2646	2646	luis henrique maciel kosmalski costa	luis henrique maciel kosmalski costa
14541	14541	luis m. alvarez	luis m. alvarez
5298	5310	luis parilla	luis parrilla
19135	19140	luis villasenor-pineda	luis villasenor pineda
18335	18335	lukasz salwinski	lukasz salwinski
19073	19076	lus seabra lopes	luis seabra lopes
502	521	lutgarde buydens	lutgarde m. c. buydens
11507	11506	lynda tamine	linda tamine
10316	10304	lyndon while	r. lyndon while
6184	6187	m. a. oneill	mark a. oneill
6457	6459	m. aretoulaki	maria aretoulaki
14745	14749	m. b. hadim	mustapha hadim
207	211	m. bachs	margarida bachs
16405	17720	m. bastarrica	m. cecilia bastarrica
3439	3441	m. boros	manuela boros
17720	16393	m. c. bastarrica	m. bastarrica
16405	16393	m. c. bastarrica	m. cecilia bastarrica
14065	14068	m. c. robey	michael c. robey
11728	11736	m. caldari	marco caldari
449	454	m. choi	minsu choi
11724	11734	m. conti	massimo conti
11742	11737	m. coppola	massimo coppola
16871	17009	m. d. di benedetto	maria domenica di benedetto
1470	1444	m. d. levin	martin d. levin
6074	6084	m. dasigenis	m. dasygenis
4412	4415	m. e. j. wood	matthew e. j. wood
7951	7954	m. elia	michele elia
13744	13753	m. fuchs	manfred fuchs
18018	18021	m. g. grant	michael g. grant
14939	14961	m. g. j. van den brand	mark van den brand
11286	11287	m. j. b. duff	michael j. b. duff
13573	13573	m. j. lopez-baldan	m. j. lopez-baldan
7192	7198	m. j. watts	michael j. watts
10635	5008	m. kantardzic	mehmed kantardzic
5004	5008	m. kantardzic	mehmed m. kantardzic
14726	14729	m. kotocova	margareta kotocova
9520	9525	m. kwanc mihcak	mehmet kivanc mihcak
510	501	m. l. m. beckers	mischa l. m. beckers
11022	11025	m. lemoine	michel lemoine
5835	5837	m. leo	marco leo
17734	17747	m. li	maozhen li
2043	17747	m. li	ming li
14870	16686	m. m. shepherd	morgan m. shepherd
21356	21358	m. mallem	malik mallem
4895	4922	m. manning	mo manning
12761	8883	m. marino	massimo marino
14469	14482	m. mattavelli	marco mattavelli
1978	1974	m. mcgee wood	mary mcgee wood
20493	20526	m. middendorf	martin middendorf
14382	14387	m. mokhtari	mounir mokhtari
14934	14936	m. monsignori	massimo monsignori
19745	19762	m. moriyama	noriyuki moriyama
19410	19424	m. munafo	maurizio m. munafo
13208	13221	m. nagao	makoto nagao
20640	20642	m. neubig	mike neubig
8136	8145	m. neveu	marc neveu
9699	9706	m. newman	michael newman
4767	14550	m. obata	motoki obata
17260	17262	m. oconaill	m. a. oconaill
6957	6963	m. olivieri	mauro olivieri
9266	13083	m. p. ponomarenko	mikhail p. ponomarenko
9257	13083	m. p. ponomarenko	mikhail ponomarenko
8427	3639	m. petrov	mihail petrov
8549	8551	m. r. casu	mario r. casu
19425	19427	m. r. fornari	miguel rodrigues fornari
20077	20081	m. reczko	martin reczko
3382	3385	m. rosner	mike rosner
7212	7215	m. s. petkovic	miodrag s. petkovic
19114	19123	m. s. tuttle	mark s. tuttle
8343	8345	m. sakai	manabu sakai
4657	4701	m. satyanarayanan	mahadev satyanarayanan
8716	8728	m. segal	michael segal
13717	13734	m. sharples	mike sharples
16686	9773	m. shepherd	m. m. shepherd
14870	9773	m. shepherd	morgan m. shepherd
12201	20737	m. sipper	moshe sipper
1354	1360	m. slimane	mohamed slimane
2585	19843	m. smyth	michael smyth
1767	1769	m. sofroniou	mark sofroniou
252	236	m. stephens	matthew stephens
11291	4859	m. w. mak	man wai mak
4856	4859	m. w. mak	man-wai mak
17154	1472	m. y. mohd-saman	mohd yazid saman
5173	5179	m. yazdani	masoud yazdani
2516	2517	m. zahariev	manuel zahariev
14009	14014	madelaine eric	eric madelaine
18806	18810	madeline bates	madeleine bates
302	324	magda bugajska	magdalena d. bugajska
15678	15659	maggie xiaoyan cheng	xiaoyan cheng
6375	6377	maha el-shinnawy	maha m. el-shinnawy
8379	8390	mahe velauthapillai	mahendran velauthapillai
12382	12367	mahesh kalyanakrishnan	m. kalyanakrishnam
15141	15144	malik zawwar hussain	muhammad hussain
4856	11291	man wai mak	man-wai mak
8264	8251	man-keung siu	m. k. siu
2768	2778	mani subramani	mani r. subramani
4583	8242	manju hedge	manju hegde
4576	8242	manju hedge	manju v. hegde
4576	4583	manju hegde	manju v. hegde
9175	9182	manuel oliveira	manuel m. oliveira
7550	7550	manuel rodriguez alvarez	manuel rodriguez alvarez
7550	15402	manuel rodriguez-alvarez	manuel rodriguez alvarez
7550	15402	manuel rodriguez-alvarez	manuel rodriguez alvarez
21363	21370	manuela montagero	manuela montangero
4395	4403	mao xinjun	xinjun mao
11494	11492	marc fisher ii	marc fisher
6392	6403	marc pierrot-deseilligny	marc pierrot deseilligny
8714	6403	marc pierrot-deseilligny	marc-pierrot desseilligny
6392	8714	marc-pierrot desseilligny	marc pierrot deseilligny
10163	10168	marcelo luis errecalde	marcello luis errecalde
3553	3556	marcio kreutz	marcio eduardo kreutz
3553	3556	marcio kreutz	marcio eduardo kreutz
3556	3556	marcio kreutz	marcio kreutz
3558	13341	marcio oyamada	marcio oyamad
15250	15254	marco koppen	mario koppen
13591	18978	marcos e. barreto	marcos barreto
5863	5863	marcos fernandez	marcos fernandez
18606	18607	marcos m. peiro	marcos martinez peiro
11443	11501	margaret burnett	margaret m. burnett
13996	13999	marhsall w. van alstyne	marshall w. van alstyne
6175	6175	maria angeles gil	maria angeles gil
11236	11270	maria costanzo	maria c. costanzo
17182	17182	maria del puerto paule ruiz	maria del puerto paule ruiz
7872	7871	maria estrella sousa vieira	maria estrella sousa-vieira
20933	20935	maria i. sanchez-segura	maria isabel sanchez segura
18138	18143	maria j. avedilo	maria j. avedillo
19700	19709	maria milsavljevic	maria milosavljevic
20528	20532	maria perez	maria a. perez
4925	4900	maria pumilia	m. pumilia
16143	16138	marie-louise schneider	marie-luise schneider
13757	13761	marilena venidttelli	marilena vendittelli
2451	6275	marina chen	marina c. chen
3418	3420	marina t. pires vieira	marina teresa pires vieira
2526	2529	mario f. m. campos	mario fernando montenegro campos
1837	1849	marisa lopez-vallejo	marisa luisa lopez-vallejo
13667	13671	mariza a. s. bigonha	mariza andrade da silva bigonha
391	393	mark addsion	mark addison
15947	1942	mark j. guzdial	mark guzdial
20336	20351	mark j. llewellyn	m. llewellyn
8719	8726	mark keil	j. mark keil
19294	19324	mark klein	mark h. klein
3287	3290	mark lee	mark g. lee
8761	8763	mark toleman	mark a. toleman
866	910	mark. a. musen	mark a. musen
14072	14076	markus strasser	markus stra?er
8750	8760	marta patinno-martinez	marta patino-martinez
18001	18001	marten van sinderen	marten van sinderen
11968	11998	martha palmer	martha stone palmer
1830	1828	martin a. roth	martin s. roth
13080	13081	martin ceberio	martine ceberio
8770	8774	martin cooper	martin c. cooper
20931	20493	martin middendorf	matthias middendorf
2897	1876	martin muller	martin muller iii
13735	13735	martin omana	martin omana
10498	10525	martin purvis	martin k. purvis
10028	11058	martti manyla	martti mantyla
18825	18859	mary p. czerwinski	mary czerwinski
11749	11753	massimo torquati	m. torquati
230	232	mathew palakal	mathew j. palakal
11634	11639	mathilde bekker	mathilde m. bekker
20593	20554	matthew g. jacunski	matt jacunski
16278	16316	matthias muschol	matthias muscholl
9546	9550	mattieu chabanas	matthieu chabanas
8744	8729	mauricio arango	a. arango
20150	20150	mauricio marin	mauricio marin
20127	20142	maurizio morisi	maurizio morisio
2560	2560	maximo lopez sanchez	maximo lopez sanchez
6852	6892	maxine d. brown	maxime brown
5004	10635	mehmed kantardzic	mehmed m. kantardzic
12363	12351	mei-chen hsueh	m. c. hsueh
5468	5471	meletis a belsis	meletis a. belsis
10224	10226	mercedes fernandez redondo	mercedes fernandez-redondo
14176	14181	miao chun yan	chunyan miao
14176	16368	miao chunyan	chunyan miao
14181	16368	miao chunyan	miao chun yan
12076	12072	michael a. bauer	michael bauer
141	144	michael a. steel	michael anthony steel
145	144	michael a. steel	mike a. steel
405	423	michael beynon	michael d. beynon
6754	16660	michael d. myers	michael d. meyers
17388	17428	michael goessel	michael gossel
17537	17541	michael hack	michel hack
3298	3307	michael raymer	michael l. raymer
4345	4361	michael rueher	michel rueher
16323	16283	michael schanz	michael schwanz
19078	19088	michael schoettner	michael schottner
20012	20015	michael taylor	michael bedford taylor
4994	4997	michael trick	michael a. trick
17161	17181	michaela milano	michela milano
18471	18475	michal lauer	michael lauer
6097	19433	michel courant	michele courant
19433	6097	michele courant	michel courant
6097	6097	michele courant	michele courant
2164	2208	miguel andrade	miguel a. andrade
8005	8005	miguel angel sotelo	miguel angel sotelo
21083	21064	miguel delgado	miguel delgano
6176	6178	miguel lopez-diaz	miguel loez diaz
141	145	mike a. steel	michael anthony steel
11944	11948	mike craven	michael p. craven
1183	1193	mike scaife	michael scaife
5394	5466	mikhail atallah	mikhail j. atallah
9266	9257	mikhail ponomarenko	mikhail p. ponomarenko
2071	1237	ming lin	ming c. lin
5749	5730	ming-chung chen	ming chung chen
12056	12069	mircea stan	mircea r. stan
16724	19068	mohamed fayad	mohamed fayed
11356	11363	mohammad yeasin	mohammed yeasin
11137	11154	mohammed sadeghi	mohammad sadeghi
16126	16126	monica costa	monica costa
9002	9003	monique m. s. silvia	monique m. s. silva
4496	4496	montserrat sendin	montserrat sendin
3301	15705	moon jung chung	moon-jung chung
9242	9247	morshed u chowdhury	morshed u. chowdhury
10796	10802	morten nielsen	morten n. nielsen
8047	8089	myoung ho kim	myoung-ho kim
18731	18777	myoungchul kim	myoungchurl kim
18767	18777	myoungchul kim	myungchul kim
18767	18731	myoungchurl kim	myungchul kim
19527	19530	n. a. b. gray	neil a. b. gray
7475	7482	n. bogonikolos	nikos bogonikolos
2479	2481	n. coll	narcis coll
13563	13571	n. ebel	norbert ebel
12614	19428	n. goga	nicolae goga
12623	19428	n. goga	nicu goga
12734	12759	n. h. vaidya	nitin h. vaidya
2270	2280	n. hort	nuno horta
14157	14159	n. normand	nicolas normand
3520	3528	n. petkov	nikolay petkov
18026	18022	n. s. kutti	s. kutti
10749	10755	n. swarup	nick swarup
5780	5777	n. tokushige	norihide tokushige
14402	14409	n. victor jimenez	victor m. jimenez
1355	10598	n. vincent	nicole vincent
6381	6390	n. yonezaki	naoki yonezaki
1388	1392	n. yoshida	naofumi yoshida
10699	10648	nagaraj shenoy	u. nagaraj shenoy
190	5583	nahid shamehri	nahid shahmehri
3779	3776	nando de freitas	joao f. g. de freitas
888	878	natalya fridman noy	natasha f. noy
321	12679	natawa jonoska	natasa jonoska
13308	13315	necip fazl ayan	necip fazil ayan
16041	16045	nestor rodriguez	nestor j. rodriguez
19147	19158	ngel eduardo fernandez	eduardo fernandez
6545	6546	nhon quach	nhon t. quach
735	724	nick d. dendris	nick lendris
13117	13120	nick haddock	nicholas j. haddock
4963	4938	nick s. juty	n. s. juty
5584	5568	niclas wahlloef	niclas wahllof
12614	12623	nicu goga	nicolae goga
9437	9437	niels bjorn-andersen	niels bjorn-andersen
2249	2254	nigel c. steele	nigel steele
4209	4267	nikil dutt	nikil d. dutt
18122	18129	nikolai v. shilov	nikolay v. shilov
7177	7185	nikolaos avouris	nikolaos m. avouris
11066	7185	nikolaos avouris	nikolas m. avouris
7177	11066	nikolas m. avouris	nikolaos m. avouris
10052	10053	nikolas ntarmos	nikolaos ntarmos
458	451	nohpill park	naphill park
7612	7607	norman h. chang	norman chang
3131	3144	nuria m. oliver	nuria oliver
7596	7606	o. chapelle	olivier chapelle
11071	11074	o. flauzac	olivier flauzac
3428	3433	o. foucaut	odile foucaut
11708	20281	o. gerard	olivier gerard
19623	19626	o. serra	oriol serra
19878	19882	oilvier clatz	olivier clatz
11325	11328	olaf hall-holt	olaf a. hall-holt
9253	9261	oleg fokin	oleg n. fokin
18102	18105	olgo shaumyan	olga shaumyan
16155	16163	oliveira raquel prates	raquel o. prates
14161	17138	oliver deforges	olivier deforges
2562	15818	olivia g. fragoso d.	olivia g. frangoso diaz
11440	11442	oltea milhaela herescu	oltea mihaela herescu
17103	17103	onur demirors	onur demirors
11371	11366	osamu mizuno	osamu mizunu
20752	20756	osvaldo n. oliviera jr.	osvaldo n. oliveira jr.
8971	9012	otavio larsern	otavio larsen
19054	19070	p. a. fleber	pascal felber
2685	16664	p. a. nielsen	peter axel nielsen
2655	15415	p. balsara	poras balsara
2649	15415	p. balsara	poras t. balsara
17036	17040	p. c. palvia	prashant c. palvia
9599	9629	p. cheng	perry cheng
7789	7792	p. cortes	pablo cortes
9086	9120	p. dew	peter m. dew
6956	6961	p. faraboschi	paolo faraboschi
15824	15828	p. girard	patrick girard
3835	3833	p. gopalakrishnan	padmini gopalakrishnan
4177	4169	p. goyal	pankaj goyal
10323	10308	p. hingston	philip hingston
21101	21108	p. j. alvarez	pedro alvarez
14163	14173	p. j. courois	pierre-jacques courtois
1970	1973	p. j. whitelock	pete whitelock
4627	4641	p. k. lala	parag k. lala
19389	19397	p. lenders	patrick m. lenders
16261	16333	p. levi	paul levi
1035	8967	p. m. black	peter m. black
3611	8967	p. m. black	peter mc l. black
6233	6242	p. marchal	paul marchal
4356	6932	p. marti	philippe marti
5530	5562	p. miranda	pedro miranda
17016	17022	p. niyogi	partha niyogi
59	19430	p. p. jonker	pieter p. jonker
14689	14705	p. rayson	paul rayson
1555	20307	p. reynolds	paul l. reynolds
6192	6226	p. robinson	peter robinson
3150	3156	p. rondogiannis	panos rondogiannis
6416	13823	p. smith	peter smith
2823	2828	p. soliz	peter soliz
16510	16512	p. stanley peters	p. stanley peters jr.
17689	17694	p. terreni	pierangelo terreni
10228	10244	p. trigano	philippe trigano
5542	5527	p. yuste	pedro yuste
15397	15397	pablo ibanez	pablo ibanez
14023	14037	paloma deaz	paloma diaz
1206	1297	pankaj agarwal	pankaj k. agarwal
15237	15244	pankay chauhan	pankaj chauhan
16426	16425	paolo fornara	p. fornara
16905	16990	paolo guisto	paolo giusto
19595	19614	parosh abdula	parosh aziz abdulla
5815	5820	partha roop	partha s. roop
8859	8859	pascal dechamboux	pascal dechamboux
12712	12715	patrick lee	patrick chang boon lee
12114	3032	patrick martin	t. p. martin
18593	18601	patrick t. martin	t. patrick martin
11342	11352	patrizia gianni	patrizia m. gianni
7709	2957	paul e. kearney	paul e. kearny
8563	8597	paul layzell	paul j. layzell
18020	18883	paul lewis	paul h. lewis
7629	21292	paul m. b. vitany	paul m. b. vitanyi
17546	17552	paul martin	paul a. martin
19312	19311	paul r. young	paul young
14486	14490	paul s. newman	paula s. newman
3579	3591	paul summers	paul e. summers
5952	20875	paul w. chung	paul w. h. chung
15041	15045	paulo f. b. goncalves	paulo fernando bruno goncalves
16124	16125	pawe zieliski	pawel zielinski
14938	1118	pedro felzenswalb	pedro f. felzenszwalb
1113	1118	pedro felzenswalb	pedro felzenszwalb
14938	1113	pedro felzenszwalb	pedro f. felzenszwalb
5523	5532	pedro gil	pedro j. gil
17961	17961	pedro larranaga	pedro larranaga
15515	15515	per stenstrom	per stenstrom
8941	8917	peter a. todd	peter todd
10021	10021	peter bertok	peter bertok
8967	1045	peter black	p. m. black
1035	1045	peter black	peter m. black
3611	1045	peter black	peter mc l. black
146	146	peter frankl	peter frankl
1035	3611	peter mc l. black	peter m. black
9797	9794	peter nordin	peter norin
19952	19977	peter stru?	peter struss
11448	11461	peter van zee	pieter van zee
15958	15960	peter varley	p. a. c. varley
8849	8855	peter williams	peter l. williams
1094	1094	petr hlineny	petr hlineny
14136	14137	ph. beaune	philippe beaune
21006	21008	phil edmonds	philip edmonds
21134	21147	phil james-roxby	philip james-roxby
1418	1423	philip bourne	philip e. bourne
2779	2783	philip cimiano	philipp cimiano
12436	12438	philip fong	philip w. l. fong
8568	18250	philip husbands	phil husbands
16502	16166	philip j. scott	philip scott
5316	12449	philip w. yetton	philip yetton
6757	6762	philip. l. worthington	philip l. worthington
13594	19000	philippe navaux	philippe olivier alexandre navaux
5448	5442	philippe pacquet	philippe jacquet
10006	10016	pholippe delsarte	philippe delsarte
5133	5161	piere g. paulin	pierre g. paulin
17498	17525	pierre verbaeten distrinet	pierre verbaeten
13945	13946	pierre yves glorennec	pierre-yves glorennec
13067	19432	pierto morasso	pietro g. morasso
13048	19432	pierto morasso	pietro morasso
19430	64	pieter jonker	p. p. jonker
59	64	pieter jonker	pieter p. jonker
13048	13067	pietro g. morasso	pietro morasso
14714	14714	pilar rodriguez	pilar rodriguez
3864	3869	plamen angelov	plamen p. angelov
2649	2655	poras balsara	poras t. balsara
15326	15339	portfidio hernandez	porfidio hernandez
3049	16499	prashant shenoy	prashant j. shenoy
17201	17210	prefrag knezevic	predrag knezevic
10172	10166	printista printista	m. pritista
10646	10738	prith banerjee	prithviraj banerjee
8408	8410	q. m. zhu	quan m. zhu
10508	10510	q. zhou	quingqing zhou
33	45	qing sihan	sihan qing
18355	18358	qiu zongyan	zongyan qiu
4406	11649	quan yuan wu	quanyuan wu
6423	15410	quing li	qing li
8658	8670	quinglong hu	qinglong hu
8694	8670	quinglong hu	quinlong hu
8658	8694	quinlong hu	qinglong hu
7495	7531	qun-sheng peng	qunsheng peng
4097	4107	qutaia m. malluhi	qutaibah m. malluhi
4107	14319	qutaibah malluhi	qutaia m. malluhi
4097	14319	qutaibah malluhi	qutaibah m. malluhi
9338	9344	r-ming shiu	r.-ming shiu
12721	12727	r. a. belecheanu	roxana belecheanu
7776	7766	r. a. day	robert a. day
12317	12324	r. a. valenzuela	reinaldo a. valenzuela
3129	16093	r. b. gallupe	brent gallupe
3127	16093	r. b. gallupe	r. brent gallupe
6135	6141	r. baldoni	roberto baldoni
10400	10402	r. belmans	ronnie belmans
20455	20483	r. c. togawa	roberto c. togawa
17316	15823	r. chandramouli	rajarathnam chandramouli
20310	20314	r. cox	richard cox
8537	9697	r. d. galliers	robert d. galliers
2323	2323	r. del rio	r. del rio
6488	6508	r. e. ellis	randy e. ellis
10411	10412	r. e. shaw	ruth e. shaw
7961	7968	r. g. adams	rod adams
15418	15424	r. g. dromey	r. geoff dromey
10148	543	r. g. mcfadyden	ron mcfadyen
10153	543	r. g. mcfadyden	ron mcfayden
10178	13555	r. h. gallard	raul h. gallard
10156	13555	r. h. gallard	raul hector gallard
4312	4315	r. hahnloser	richard h. r. hahnloser
10631	10634	r. halin	rudolf halin
11018	11020	r. jacquart	rene jacquart
12808	12820	r. joshi	rajiv v. joshi
2090	2117	r. kling	rob kling
16104	16111	r. kumar	rajeev kumar
6406	6409	r. l. frost	richard l. frost
7777	7765	r. maybury	robert maybury
10487	10495	r. menezes	ronaldo menezes
14017	14020	r. r. thomas	rekha r. thomas
19524	19526	r. s. lazic	ranko lazic
17651	17654	r. suros	rina suros
18426	18437	r. ubar	raimund ubar
10674	10696	r. uribe	j. uribe
10462	14598	r. w. prager	richard w. prager
6746	17534	r. w. zmud	bob zmud
5317	17534	r. w. zmud	robert w. zmud
504	3436	r. wehrens	ron wehrens
15358	15364	r. weiss	reinhold weiss
10914	10928	r. welland	ray welland
13196	13201	r. wheeler	richard wheeler
21120	21121	r. wright	roger wright
7199	7200	r. zuber	richard zuber
10297	10302	rachid el azouz	rachid el azouzi
12553	12547	radhakrishnan sridhar	sridhar radhakrishnan
6441	6452	radomir s. stankovc	radomir s. stankovic
12890	12891	rafa latkowski	rafal latkowski
15346	15352	rafael gadea-girones	rafael gadea girones
12506	12506	rafael garcia	rafael garcia
12496	12506	rafael garcia	rafael garcia vazquez
12506	12496	rafael garcia vazquez	rafael garcia
19555	19555	rafael valencia-garcia	rafael valencia-garcia
12794	12802	raimo p. hamaainen	raimo p. hamalainen
10577	18805	rainer burkard	rainer burkhard
10561	18805	rainer burkard	rainer e. burkard
10561	10577	rainer burkhard	rainer e. burkard
238	253	rajeev raje	rajeev r. raje
4258	4268	rajesh gupta	rajesh k. gupta
19449	19451	rajkiran gottumukkala	rajkiran gottumukkal
14001	14003	ralph bunker	ralph e. bunker
7992	7996	ralph cavin iii	ralph k. cavin iii
19948	19951	ralph sprague	ralph h. sprague jr.
7813	7823	ram swaminathan	ramjee p. swaminathan
3534	3548	rama akkijaru	rama akkiraju
20757	20758	ramazan savas aygu	ramazan savas aygun
13611	13616	ratislav kralovic	rastislav kralovic
10156	10178	raul h. gallard	raul hector gallard
18064	18070	raul izquierdo	raul izquierdo castanedo
6316	12426	ravi iyer	ravishankar k. iyer
21424	21442	ravi janardane	ravi janardan
12426	8478	ravi r. iyer	ravi iyer
6316	8478	ravi r. iyer	ravishankar k. iyer
15209	15219	ray d. zimmerman	ray zimmerman
19900	7749	raymond t. ng	yuhan cai
8516	8519	rebecca bruce	rebecca f. bruce
14114	14114	regis p. landim	regis p. landim
231	244	renato de mori	renato demori
1	5	rene bananres-alcantara	rene banares-alcantara
4926	4901	rhonda reinert	r. reinert
20536	20541	ricardo a. falbo	ricardo de almeida falbo
2335	20206	ricardo carmona	ricardo carmona-galan
11701	11701	ricardo oscar rodriguez	ricardo oscar rodriguez
526	9211	richard chia-tung lee	richard c. t. lee
20242	20246	richard granger jr.	richard h. granger
11329	11335	richard j. boland	richard j. boland jr.
19253	19257	richard koch	richard r. koch
7294	2372	richard p. gabriel	richard p. gabiel
14598	10473	richard prager	r. w. prager
10462	10473	richard prager	richard w. prager
12804	12806	richard squier	richard k. squier
12910	12911	richard vidgen	richard t. vidgen
15266	15289	rick luce	richard luce
1000	1022	rob aitken	robert c. aitken
1022	14288	robert aitken	rob aitken
1000	14288	robert aitken	robert c. aitken
10658	10690	robert b. mueller-thuns	robert mueller-thuns
5313	5320	robert benjamin	robert i. benjamin
1492	1495	robert cohn	robert s. cohn
9334	9336	robert colotti	roberto colotti
8377	9283	robert daley	robert p. daley
9743	4422	robert davison	robert davidson
4416	4422	robert davison	robert m. davison
7271	7298	robert e. storm	robert e. strom
14999	15004	robert i. davis	robert davis
6707	4655	robert kraut	robert e. kraut
9743	4416	robert m. davison	robert davidson
19547	19552	robert stegwee	robert a. stegwee
9308	9312	robert t. plant	robert plant
912	922	rodolfo pazos	rodolfo a. pazos
19561	19569	roger barga	roger s. barga
17349	17357	roger boyle	roger d. boyle
17488	17494	roger kilian-kehler	roger kilian-kehr
18107	18114	roger maddux	roger d. maddux
19841	11279	roger p. knott	r. p. knott
20948	20952	rogerio schimidt feris	rogerio schmidt feris
20670	20678	roji okada	koji okada
8035	2369	ron goldman	ronald goldman
2353	2369	ron goldman	ronald n. goldman
6547	6562	ron j. byrd	roy j. byrd
4429	11038	ron kwok	ron chi-wai kwok
10148	10153	ron mcfayden	ron mcfadyen
16208	16259	ron morrison	ronald morrison
6692	6714	ron rice	ronald e. rice
2353	8035	ronald goldman	ronald n. goldman
18926	18923	ronald w. schafer	r. w. schafer
20119	20119	roxana danger	roxana danger
10511	10523	roy ward	r. ward
2468	2477	ruay-shiung chang	ruay shiung chang
18392	18401	ruben prieto-diaz	ruben prieto diaz
13016	13010	rudolf h. riedi	rudolf riedi
17526	17532	ruediger ohlemann	rudiger oehlmann
4136	4138	rumen nikolov	roumen nikolov
5752	5763	russell bradford	russell j. bradford
1988	2062	russell taylor	russell h. taylor
18809	18811	rusty bobrow	robert j. bobrow
12340	12345	ryan lilien	ryan h. lilien
19741	19755	ryutaro kakimura	ryutaro kakinuma
10554	10558	s sridharan	s. sridharan
13203	13202	s. aitken	stuart aitken
6115	6131	s. amano	shinya amano
18206	18207	s. b. gokturk	burak gokturk
17261	18374	s. b. m. bell	sarah b. m. bell
9895	9900	s. b. pollard	stephen pollard
7229	9736	s. c. cheung	shing-chi cheung
13122	13125	s. cambanis	stamatis cambanis
8163	8169	s. chessa	stefano chessa
11757	11738	s. curaba	stephane curaba
8147	8149	s. e. schmidt	stefan e. schmidt
14877	14912	s. felix wu	shyhtsun felix wu
1576	1580	s. ghanta	subbarao ghanta
17429	17431	s. ghebreab	sennay ghebreab
10829	10830	s. goeser	sebastian goeser
4717	4728	s. igi	seiji igi
19274	19263	s. ikeda	shiro ikeda
4625	4622	s. j. a. van gisbergen	stan j. a. van gisbergen
7661	14579	s. kwong	sam kwong
5724	16500	s. l. payton jones	simon l. peyton jones
13508	16500	s. l. payton jones	simon l. peyton-jones
7301	7302	s. l. wu	richard s. l. wu
20292	20303	s. m. sarwa	s. mansoor sarwar
4545	4549	s. m. savaresi	sergio m. savaresi
4112	4125	s. m. yiu	siu-ming yiu
3016	20625	s. mehrotra	sharad mehrotra
3327	3340	s. mir	salvador mir
13429	18630	s. miyazaki	satoru miyazaki
8504	10147	s. nidumolu	s. r. nidumolu
8501	10147	s. nidumolu	sarma r. nidumolu
4064	4066	s. ohsuga	setsuo ohsuga
11732	11740	s. orcioni	simone orcioni
18275	18278	s. ortmann	stefan ortmann
16759	16769	s. papadimitriou	stergios papadimitriou
18709	18703	s. philipp-foliguet	sylvie philipp-foliguet
8501	8504	s. r. nidumolu	sarma r. nidumolu
7451	15934	s. ram	sudha ram
14813	14817	s. robert	sophie robert
12529	12520	s. rodriguez	santiago rodriguez
12534	12601	s. s. iyengar	s. sitharama iyengar
5586	5593	s. s. yu	shyr-shen yu
19869	19877	s. shamai	shlomo shamai
6317	6328	s. sharma	sanjay sharma
13908	10554	s. sridharan	sridha sridharan
4841	4732	s. sugita	shigeharu sugita
3409	3414	s. szejko	stanislaw szejko
14976	14989	s. varadarajan	sriram varadarajan
12053	12054	s. verdu	sergio verdu
437	448	s. w. shieh	shiuh-pyng shieh
2873	2885	s. w. song	siang w. song
19359	19364	s. weber	serge weber
4857	4860	s. y. kung	sun-yuan kung
2552	2557	sabine van-huffel	sabine van huffel
10723	10700	sachin sapatneker	sachin s. sapatnekar
19206	19207	saeed m. chaudry	saeed m. chaudhry
8084	8059	sakti pramanik	sakti prammanik
14780	14810	salvatore march	salvatore t. march
16669	16676	sam nakagawa	o. sam nakagawa
17216	17220	san murugusan	san murugesan
21488	6336	sandeep k. s. gupta	sandeep k. gupta
7004	6992	sang h. dhong	s. dhong
5120	5121	sang kyun cha	sang k. cha
2798	2815	sang yong han	sang-yong han
20308	2798	sang-yong han	sang-young han
2815	14311	sang-yong hang	sang yong han
2798	14311	sang-yong hang	sang-yong han
2815	20308	sang-young han	sang yong han
14311	20308	sang-young han	sang-yong hang
14791	14790	sangjyu rho	sangkyu rho
2815	7309	sangyong han	sang yong han
2798	7309	sangyong han	sang-yong han
14311	7309	sangyong han	sang-yong hang
20308	7309	sangyong han	sang-young han
1636	1596	sangyup shim	simon s. y. shim
6142	16429	sara tucci pergiovanni	sara tucci piergiovanni
14809	14802	satyen mukherjee	s. n. mukherjee
16692	16705	sau-fun tang	s. f. tang
14242	14247	scan hallgren	sean hallgren
1309	1312	scott deloach	scott a. deloach
10705	10727	scott hauck	s. hauck
11571	11571	seamus t. tuohy	seamus t. tuohy
1980	1982	sebastia galmes	sebastian galmes
14116	14116	selenio r. silva	selenio r. silva
15604	15626	sem borst	sem c. borst
17805	17816	seng-cho t. chou	seng-cho timothy chou
8456	8464	seongjin ahn	seong-jin ahn
21052	21052	serafin moral	serafin moral
7381	7392	sergej l. bezrukov	sergei l. bezrukov
11643	11645	sergej prigarin	sergei prigarin
20928	20930	sergey plaskin	sergey plaksin
16773	16773	sergio lopez-buedo	sergio lopez-buedo
17927	17927	sergio sanchez-lopez	sergio sanchez-lopez
7316	7321	seungho cho	seung ho cho
18263	18267	seungin noh	seung-in noh
18415	18417	shai wisemann	shai wiseman
7018	7040	shambhu upadhyaya	shambhu j. upadhyaya
1625	1597	shanf-zhi sun	shang-zhi sun
1616	1597	shanf-zhi sun	shangzhi sun
1616	1625	shang-zhi sun	shangzhi sun
14361	14346	shaoying liu	shooying liu
13992	13994	sharad sane	sharad s. sane
21480	21462	shenfeng chen	sefeng chen
11301	11296	shi baile	baile shi
6414	6424	shi-ming huan	shi-ming huang
20436	20423	shimpei ogawa	shinpei ogawa
12219	12233	shinga takada	shingo takada
6660	6671	shuichiroh yamamoto	shuichiro yamamoto
11874	11882	shuyun le	shu-yun le
1953	7341	silva regina vergilio	silvia regina vergilio
9587	9587	silvia d. olabarriaga	silvia d. olabarriaga
5041	5077	simon cox	simon j. cox
5724	13508	simon l. peyton-jones	simon l. peyton jones
16023	16025	simon r. schultz	simon schultz
8125	10742	siva perraju tolety	tolety siva perraju
18047	18053	siva sankaran	siva r. sankaran
16156	16162	slarisse sieckenius de souza	clarisse sieckenius de souza
6425	6425	smail niar	smail niar
16673	7611	soo-young oh	soo-youn oh
10558	13908	sridha sridharan	s sridharan
9243	10889	srikantia r. subramanya	s. r. subramanya
11844	11850	stan gielen	stan c. a. m. gielen
4622	105	stan van gisbergen	s. j. a. van gisbergen
4625	105	stan van gisbergen	stan j. a. van gisbergen
18818	18822	stanisalw osowski	stanislaw osowski
1961	9270	stanislav g. sedukhin	stanislav sedukhin
9270	1967	stanislaw sedukhin	stanislav g. sedukhin
1961	1967	stanislaw sedukhin	stanislav sedukhin
5661	5670	stawomir t. wierzchon	slawomir t. wierzchon
10844	10846	stefan greiner	stefan a. greiner
14622	14666	stefano crespi reghizzi	stefano crespi-reghizzi
15573	15581	stelois kalogeropoulos	stelios kalogeropoulos
14707	14711	stephan schultz	stephan schulz
8906	8906	stephane carion	stephane carion
776	776	stephane ducasse	stephane ducasse
21184	21171	stephanie lindsey	stehpanie lindsay
3490	3493	stephen aylward	stephen r. aylward
16177	16181	stephen g. linkmann	stephen g. linkman
7077	7054	stephen huang	stephan huang
1582	1629	steve h.-c. yen	h. c. yen
1579	1629	steve h.-c. yen	s. h. yen
9849	3680	steve hsu	steven c. hsu
2296	10222	steve kang	sung-mo kang
3648	3653	steve kleiman	steven kleiman
6196	6221	steve lay	steven lay
20966	20957	steve parker	steven g. parker
20991	20957	steve parker	steven parker
12005	12010	steve rehfuss	steven rehfuss
14090	14113	steve roth	steven f. roth
5797	5809	steve s. w. liao	shih-wei liao
18878	18862	steve t. perry	stephen t. perry
20486	20491	steve viller	stephen viller
17043	17046	steve weinstein	stephen b. weinstein
16369	16406	steven demurjian	steven a. demurjian
17719	16406	steven demurjian	steven demurjian sr.
16369	17719	steven demurjian sr.	steven a. demurjian
20991	20966	steven g. parker	steven parker
1552	1572	steven m. furnell	steven furnell
11913	11912	steven m. martin	steve martin
11678	14778	steven spoon	s. alexander spoon
20643	20646	stuart schwartz	stuart c. schwartz
12552	12562	subbiah rajanarayanan	rajanarayanan subbiah
3514	3512	sue weeks	susan weeks
13935	13942	sukki hong	suk-ki hong
5388	5391	sun jizhou	jizhou sun
11098	12826	sun yongqiang	yongqiang sun
7046	7078	sung sam yuan	sam yuan sung
15710	15712	sung-soon park	sun-soon park
9854	16677	supan samarasekara	supan samarasekera
3700	16677	supan samarasekara	supun samarasekara
3676	16677	supan samarasekara	supun samarasekera
3676	9854	supan samarasekera	supun samarasekera
1855	1867	superateek sarker	suprateek sarker
9854	3700	supun samarasekara	supan samarasekera
3676	3700	supun samarasekara	supun samarasekera
20615	20567	sushmitha p. kini	sushmitha kini
1120	1126	suzanne weisband	suzanne p. weisband
18555	18586	sven dickinson	sven j. dickinson
14678	14680	svetoslav m. markov	svetoslav markov
1613	1659	swie-tsing tan	swie tsing tan
9939	9952	t. arts	theo arts
15162	15165	t. c. ahn	taechon ahn
4935	4960	t. c. hodgman	t. charles hodgman
20859	20861	t. chaira	tamalika chaira
10070	10094	t. chan	tony f. chan
11	14	t. h. lee	tong heng lee
11684	11688	t. itoh	toshihiro itoh
6578	4834	t. kitamura	toru kitamura
11985	12719	t. korelsky	tanya korelsky
14005	14008	t. m. cover	thomas m. cover
7204	7205	t. moore	tonia moore
8091	8115	t. n. tan	tieniu tan
6785	6811	t. okamoto	toshio okamoto
3032	18593	t. patrick martin	patrick martin
14764	14775	t. schmitt	thorsten schmitt
19258	19261	t. tanaka	toshiyuki tanaka
5608	5635	t. varvargou	theodora a. varvarigou
4530	4538	t. w. routen	tom routen
6732	15082	t. w. williams	thomas w. williams
19511	9977	t. windeatt	terry windeatt
16688	16709	t. y. chen	tsong yueh chen
8038	8042	t. y. li	tien-yien li
412	414	tahsin m. kurc	tahsin kure
18622	18619	tai-chiu hsung	t. c. hsung
1608	1595	tai-sheng chang	taisheng chang
13259	13259	tamas linder	tamas linder
5053	2515	tao feng	barry tao
2482	2515	tao feng	feng tao
13827	7624	tao jiang	t. jiang
7854	7858	tapan k. pal	tapan kumar pal
20224	20230	terence rout	terence p. rout
10979	10990	terry anderson	terry j. anderson
15559	15568	theodor faber	theodore faber
21503	19905	theodore johnson	graham cormode
2982	2989	thilo piontek	thilo pionteck
19583	19587	thomas engel	thomas engel ii
16375	16392	thomas j. peters	t. j. peters
12112	3248	thomas kunz	t. kunz
21306	21352	thomas schaub	torsten schaub
2157	2160	thomas wollinger	thomas j. wollinger
18784	18801	thorston joachims	thorsten joachims
6687	6690	tian-ping chen	tianping chen
2861	2869	tianruo yang	laurence tianruo yang
13610	18983	tiaraju a. diveiro	tiaraju a. diverio
13593	18983	tiaraju a. diveiro	tiaraju asmuz diverio
13593	13610	tiaraju a. diverio	tiaraju asmuz diverio
169	169	tibor gyimothy	tibor gyimothy
5370	10870	tien-tsi wong	tien-tsin wong
5750	5731	tien-yu li	tien yu li
4450	18174	timothy bickmore	timothy w. bickmore
6047	6023	timothy starkweather	t. starkweather
3873	3882	tjark vredevel	tjark vredeveld
6145	6171	tokunaga takenobu	takenobu tokunaga
3606	3608	tom butler	thomas butler
11213	11199	tomaa tichy	tomas tichy
2687	2687	tomas recio	tomas recio
20143	20148	tomi jahunen	tomi janhunen
9957	19553	ton spil	ton a. m. spil
5676	5729	tony hoare	c. a. r. hoare
20042	20043	tony zappala	anthony zappala
6453	6453	torulf mollestad	torulf mollestad
13066	19431	toshio tsuji	toshio suji
11780	11842	toyaki nishida	toyoaki nishida
3299	3306	travis doom	travis e. doom
12114	17321	trevor p. martin	t. p. martin
17993	17992	tsunbg-chih lin	tsung-chih lin
19093	19113	tsuyosi morimoto	tsuyoshi morimoto
18035	18054	tung bui	tung x. bui
2027	2003	tushar m. goradia	tushar m. gorodia
20374	20369	tuyen v. nguyen	tuyan v. nguyen
10618	10609	u. kaymak	uzay kaymak
6842	6846	u. kurkure	uday kurkure
2281	14446	u. meyer-baese	uwe meyer-base
18504	18513	u. srivastava	utkarsh srivastava
13301	13305	u. thomas	ulrike thomas
14491	14496	uli bohnacker	ulrich bohnacker
2619	2626	ulrich nadeldinger	ulrich nageldinger
15193	15204	ulrich pferchy	ulrich pferschy
12716	12716	urs thurmann	urs thurmann
13909	10557	v. chandran	vinod chandran
20044	20047	v. katkovnik	vladimir katkovnik
20069	20084	v. mertzios	b. g. mertzios
9016	9018	v. r. l. shen	victor r. l. shen
13110	13090	v. v. babenko	v. n. babenko
17110	17112	v. zorkadis	vasilios zorkadis
19885	19886	valentina tamma	valentina a. m. tamma
4206	4207	vasikarla shantaram	shantaram vasikarla
10932	10935	venkatesan muthukumar	muthukumar venkatesan
19472	19478	vicente orjales	vicente orjale
13382	13384	victor delaluz	victor de la luz
916	916	victor j. sosa sosa	victor j. sosa sosa
916	920	victor j. sosa soza	victor j. sosa sosa
916	920	victor j. sosa soza	victor j. sosa sosa
12947	15896	victor lesser	victor r. lesser
12238	14119	viet phan-luong	viet phan luong
652	645	vijay r. sar-dessai	vijay sar-dessai
5430	5429	vinayak deshpande	hicham g. elmongui
10138	10142	vincente casares giner	vicente casares giner
12018	12033	vinh lam	vinh vi lam
12542	16151	vir phoha	vir v. phoha
3270	3270	virgilio a. f. almeida	virgilio a. f. almeida
3265	3270	virgilio a. f. almeida	virgilio almeida
3270	3265	virgilio almeida	virgilio a. f. almeida
4023	4023	vito di gesu	vito di gesu
10849	10855	vivan sewelson	vivian sewelson
12333	12337	vivenc almenar-terre	vicenc almenar-terre
3203	3243	viviane torres	viviane torres da silva
13893	13904	vladan devedic	vladan devedzic
9272	9281	vladdimir levin	vladimir levin
10573	20800	vladimir g. deuineko	vladimir g. deineko
258	258	vladimir kvasnicka	vladimir kvasnicka
262	258	vladimir kvasnicka	vladimir kvasnika
258	262	vladimir kvasnika	vladimir kvasnicka
9365	9377	vlado dancek	vlado dancik
9281	10871	vlassimir levin	vladdimir levin
9272	10871	vlassimir levin	vladimir levin
2390	2448	w luk	wayne luk
13950	13953	w. bialek	william bialek
5996	5999	w. c. miller	william c. miller
3622	1038	w. eric l. grimson	e. grimson
13369	13374	w. heinz	wolfgang heinz
12807	12812	w. hwang	wei hwang
2831	2833	w. j. zhang	wenjun zhang
10418	10421	w. l. fuerst	william l. fuerst
339	13680	w. p. birmingham	william p. birmingham
3121	3124	w. w. wasserman	wyeth w. wasserman
8088	8070	w. y. kim	won yong kim
2832	2835	w. y. ma	weiyin ma
12470	12473	w.-c. liu	wen chien liu
2379	2388	wang jianmin	jianmin wang
18634	18643	wee siong ng	weesiong ng
17748	7646	wei zhao	w. zhao
14195	14187	weider chang	w. chang
21383	21394	weixong zhang	weihong zhang
13511	13523	wendy l. currie	wendy currie
21393	21384	wenju liu	wenju lin
21030	21033	wiliam j. kettinger	william j. kettinger
13387	13418	willem-jan van heuvel	willem-jan van den heuvel
17150	17215	william f. punch	william f. punch iii
3320	3322	william knottenbelt	william j. knottenbelt
3393	3393	william l. jorgensen	william l. jorgensen
1027	3614	william m. wells	william m. wells iii
1746	3614	william m. wells	william m. wels
18060	3614	william m. wells	william wells
1027	1746	william m. wels	william m. wells iii
18060	1746	william m. wels	william wells
10331	10340	william mann	william c. mann
6461	6465	william w. song	william wei song
1027	1729	william w. wells iii	william m. wells iii
18060	1729	william w. wells iii	william wells
19978	19979	william wagner	william p. wagner
1027	18060	william wells	william m. wells iii
14251	14259	winfried w. kuhnhauser	winfried e. kuhnhauser
7970	7989	winifried graf	winfried graf
5507	2750	winston k. g. seah	winston khoon guan seah
6763	6773	wolf polak	wolfgang polak
19670	19677	won jeon	won jong jeon
8081	8088	won yong kim	won yong kin
8070	8081	won yong kin	w. y. kim
4850	4851	wouter van joolingen	wouter r. van joolingen
11649	4404	wu quanyuan	quan yuan wu
4406	4404	wu quanyuan	quanyuan wu
30	43	wu wenling	wenling wu
10018	10020	wwilliam j. schwind	william j. schwind
213	226	x. barril	xavier barril
7644	13786	x. chen	xin chen
4314	4316	x. xie	xiaohui xie
17382	17385	x.-d. sheldon tan	sheldon x.-d. tan
12967	12972	xiao-dong gu	xiaodong gu
9542	9544	xiao-fei xu	xiaofei xu
15880	15846	xiaoqin zhang	shelley xq. zhang
15880	15846	xiaoqin zhang	shelley xq. zhang
15846	15846	xiaoqin zhang	xiaoqin zhang
14894	14908	xinyuan wang	x. wang
17846	17875	xioalin wu	xiaolin wu
13347	13356	xose r. fdez-vidal	xose r. fernandez vidal
13356	13342	xose r. fernandez-vidal	xose r. fdez-vidal
13347	13342	xose r. fernandez-vidal	xose r. fernandez vidal
452	19128	y. b. kim	yong-bin kim
10637	10639	y. choi	ying choi
14312	14315	y. cointepas	yann cointepas
3697	3698	y. guo	yanlin guo
17736	17739	y. huang	yan huang
19737	19758	y. kawata	yoshiki kawata
4092	17448	y. li	yuefeng li
6565	6570	y. matsumoto	yukinori matsumoto
17433	17435	y. mevel	yann mevel
19616	19624	y. o. hamidoune	yahya ould hamidoune
5241	5251	y. raynaud	yves raynaud
4054	4081	y. y. yao	yiyu yao
4733	4730	y. yamamoto	yasunori yamamoto
16152	16154	y. zaharin	yusoff zaharin
15460	15463	ya-dong gui	yadong gui
7643	7659	yaacov yesha	y. yesha
16050	16063	yaakov varol	yaakov l. varol
8190	12065	yan zhang ii	yan zhang
21011	21018	yang jung	yang jun
10151	10149	yangjan chen	yangjun chen
14499	14499	yannick remion	yannick remion
11368	11379	yasunar takagi	yasunari takagi
7083	7089	yatin v. hoskote	yatin vasant hoskote
8415	8419	ye xinfeng	xinfeng ye
5488	5502	yeali sun	yeali s. sun
20048	20053	yeo chai kiat	chai kiat yeo
6285	6304	yeong gil shin	yeong-gil shin
3160	3171	yinfeng xu	yin-feng xu
9202	9208	ying teh tsai	ying the tsai
13640	13643	yoan pinzon ardila	yoan j. pinzon
17217	17225	yogesh l. deshpande	yogesh deshpande
19463	19468	yoke hean low	yoke-hean low
14238	14240	yong won lim	young won lim
18494	18497	yonggeng gu	yonggen gu
6343	6374	yossi gil	joseph gil
6868	6865	young-joo cho	yong-joo cho
16438	16440	yu pei	pei yu
5739	5751	yun-lung lim	yun lung lin
5739	5748	yun-lung lin	yun lung lin
5751	5748	yun-lung lin	yun-lung lim
6109	6111	yuriy a. zagorulko	yury a. zagorulko
11155	11161	yusuke ichikawaa	yusuke ichikawa
12458	12462	z. nochta	zoltan nochta
7650	7700	z. sweedyk	elizabeth sweedyk
1070	1083	z. wu	zonghuan wu
13543	13545	z. zhao	zhiming zhao
2786	2789	z. zhou	zijian zhou
16154	18091	zaharin yusoff	y. zaharin
16152	18091	zaharin yusoff	yusoff zaharin
18459	18459	zdenek hanzalek	zdenek hanzalek
16505	16505	zdzislaw skupien	zdzislaw skupien
6596	6610	zhang fuji	fuji zhang
6598	6605	zhang heping	heping zhang
5389	5390	zhang jiawan	jiawan zhang
14926	14929	zhang liming	liming zhang
18353	18356	zhang naixiao	naixiao zhang
16362	16366	zhao-qian chen	zhaoqian chen
7076	7068	zhaohui yu	zhao-hui yu
16436	16447	zheng guoliang	guoliang zheng
18479	18502	zheng weimin	weimin zheng
7801	15956	zhi-yong liu	zhiyong liu
5047	5057	zhouan jiao	zhuoan jiao
18299	18331	zina ben miled	zina ben-miled
8401	19178	zoltan fured	zoltan furedi
9556	9556	zoltan pasztor	zoltan pasztor
14917	14917	zsofia ruttkay	zsofia ruttkay
