name,nickname
aaron,erin
aaron,ron
aaron,ronnie
aaron,aaron
abel,ab
abel,abe
abel,eb
abel,ebbie
abel,abel
abiel,ab
abiel,abiel
abigail,abby
abigail,gail
abigail,nabby
abigail,abigail
abner,ab
abner,abner
abraham,ab
abraham,abe
abraham,abraham
abram,ab
abram,abram
ada,addy
ada,ada
adaline,ada
adaline,addy
adaline,delia
adaline,dell
adaline,lena
adaline,adaline
addy,adele
addy,addy
adelaide,addy
adelaide,adele
adelaide,dell
adelaide,della
adelaide,heidi
adelaide,adelaide
adele,dell
adele,adele
adeline,ada
adeline,addy
adeline,delia
adeline,dell
adeline,lena
adeline,adeline
adelphia,addy
adelphia,adele
adelphia,dell
adelphia,delphia
adelphia,philly
adelphia,adelphia
agatha,aggy
agatha,agatha
agnes,aggy
agnes,inez
agnes,nessa
agnes,agnes
aileen,allie
aileen,lena
aileen,aileen
al,bert
al,alex
al,al
alan,al
alan,alan
albert,al
albert,bert
albert,albert
alberta,allie
alberta,bert
alberta,bertie
alberta,alberta
aldo,al
aldo,aldo
aldrich,rich
aldrich,riche
aldrich,aldrich
alexander,al
alexander,alex
alexander,sandy
alexander,alexander
alexandra,alex
alexandra,alla
alexandra,sandra
alexandra,sandy
alexandra,alexandra
alfonse,al
alfonse,alfonse
alfred,al
alfred,fred
alfred,freddy
alfred,alfred
alfreda,alfy
alfreda,freda
alfreda,freddy
alfreda,frieda
alfreda,alfreda
alice,allie
alice,elsie
alice,lisa
alice,alice
alicia,allie
alicia,elsie
alicia,lisa
alicia,alicia
allan,al
allan,allan
allen,al
allen,allen
allisandra,allie
allisandra,allisandra
almena,allie
almena,mena
almena,almena
alonzo,al
alonzo,lon
alonzo,lonzo
alonzo,alonzo
amanda,manda
amanda,mandy
amanda,amanda
amelia,amy
amelia,emily
amelia,mel
amelia,millie
amelia,amelia
anderson,andy
anderson,anderson
andrew,andy
andrew,drew
andrew,andrew
andy,drew
andy,andy
ann,annie
ann,nan
ann,nana
ann,nancy
ann,nanny
ann,ann
anne,annie
anne,nan
anne,nana
anne,nancy
anne,nanny
anne,ann
anne,anne
anthony,tony
anthony,anthony
antoinette,ann
antoinette,netta
antoinette,tony
antoinette,antoinette
antonia,ann
antonia,netta
antonia,tony
antonia,antonia
ara,arry
ara,belle
ara,ara
arabella,ara
arabella,arry
arabella,bella
arabella,belle
arabella,arabella
arabelle,ara
arabelle,arry
arabelle,bella
arabelle,belle
arabelle,arabelle
archibald,archie
archibald,archibald
arlene,arly
arlene,lena
arlene,arlene
armena,arry
armena,mena
armena,armena
arthur,art
arthur,arthur
asahel,asa
asahel,asahel
asaph,asa
asaph,asaph
asenath,assene
asenath,natty
asenath,sene
asenath,asenath
august,gus
august,august
augusta,aggy
augusta,gatsy
augusta,gussie
augusta,tina
augusta,augusta
augustina,aggy
augustina,gatsy
augustina,gussie
augustina,tina
augustina,augustina
augustine,august
augustine,austin
augustine,gus
augustine,augustine
augustus,august
augustus,austin
augustus,gus
augustus,augustus
azariah,aze
azariah,riah
azariah,azariah
bab,barby
bab,bab
babs,bab
babs,barby
babs,babs
barbara,bab
barbara,babs
barbara,barby
barbara,bobbie
barbara,barbara
barnabas,barney
barnabas,barnabas
bartholomew,bart
bartholomew,bartel
bartholomew,bat
bartholomew,mees
bartholomew,meus
bartholomew,bartholomew
beatrice,bea
beatrice,trisha
beatrice,trix
beatrice,trixie
beatrice,beatrice
becca,beck
becca,becca
beck,becky
beck,beck
belinda,belle
belinda,linda
belinda,belinda
bella,belle
bella,bella
ben,bennie
ben,ben
benedict,ben
benedict,bennie
benedict,benedict
benjamin,ben
benjamin,benjy
benjamin,bennie
benjamin,jamie
benjamin,benjamin
bernard,barney
bernard,berney
bernard,bernie
bernard,bernard
berney,bernie
berney,berney
bert,bertie
bert,bob
bert,bobby
bert,bert
bertha,bert
bertha,bertie
bertha,birdie
bertha,bertha
bess,bessie
bess,bess
beth,betsy
beth,betty
beth,beth
biddie,biddy
biddie,biddie
bill,fred
bill,willie
bill,billy
bill,bill
billy,fred
billy,billy
bob,rob
bob,bob
bobby,rob
bobby,bob
bobby,bobby
brad,ford
brad,brad
bradford,brad
bradford,ford
bradford,bradford
brady,brody
brady,brady
bridget,biddie
bridget,biddy
bridget,bridgie
bridget,bridie
bridget,bridget
broderick,brady
broderick,brody
broderick,rick
broderick,ricky
broderick,broderick
calvin,cal
calvin,vin
calvin,vinny
calvin,calvin
cameron,cam
cameron,ron
cameron,ronny
cameron,cameron
camille,cammie
camille,millie
camille,camille
carol,carrie
carol,cassie
carol,lynn
carol,carole
carol,carol
carolann,carol
carolann,carole
carolann,carolann
caroline,carol
caroline,carole
caroline,carrie
caroline,cassie
caroline,lynn
caroline,caroline
carolyn,carrie
carolyn,cassie
carolyn,lynn
carolyn,carolyn
carrie,cassie
carrie,carrie
casey,k.c.
casey,casey
cassandra,cassie
cassandra,sandra
cassandra,sandy
cassandra,cassandra
catherine,cassie
catherine,cathy
catherine,kathy
catherine,katy
catherine,kay
catherine,kit
catherine,kittie
catherine,lena
catherine,trina
catherine,catherine
cathleen,cassie
cathleen,cathy
cathleen,kathy
cathleen,katy
cathleen,kay
cathleen,kit
cathleen,kittie
cathleen,lena
cathleen,trina
cathleen,cathleen
cathy,kathy
cathy,cathy
cecilia,celia
cecilia,cissy
cecilia,cecilia
cedric,ced
cedric,rick
cedric,ricky
cedric,cedric
charles,carl
charles,charlie
charles,chick
charles,chuck
charles,charles
charlie,chuck
charlie,charlie
charlotte,char
charlotte,lotta
charlotte,lottie
charlotte,sherry
charlotte,charlotte
chauncey,chan
chauncey,chauncey
cher,sher
cher,cher
cheryl,sheryl
cheryl,cheryl
chester,chet
chester,chester
christa,chris
christa,christa
christian,chris
christian,kit
christian,christian
christiana,ann
christiana,chris
christiana,christy
christiana,crissy
christiana,kris
christiana,kristy
christiana,tina
christiana,christiana
christina,chris
christina,christy
christina,crissy
christina,kris
christina,kristy
christina,tina
christina,christina
christine,chris
christine,chrissy
christine,crissy
christine,kris
christine,kristy
christine,tina
christine,christine
christopher,chris
christopher,kit
christopher,christopher
christy,crissy
christy,christy
clair,clare
clair,clara
clair,clair
clare,clara
clare,clare
clarence,clair
clarence,clare
clarence,clarence
clarinda,clara
clarinda,clarinda
clarissa,cissy
clarissa,clara
clarissa,clarissa
clement,clem
clement,clement
cliff,cliff
cliff,cliff
clifford,cliff
clifford,ford
clifford,clifford
clifton,cliff
clifton,tony
clifton,clifton
columbus,clum
columbus,columbus
con,conny
con,con
conrad,con
conrad,conny
conrad,conrad
constance,connie
constance,constance
cordelia,cordy
cordelia,delia
cordelia,cordelia
cornelia,cornie
cornelia,corny
cornelia,nelia
cornelia,nelle
cornelia,nelly
cornelia,cornelia
cornelius,con
cornelius,conny
cornelius,corny
cornelius,niel
cornelius,cornelius
courtney,court
courtney,curt
courtney,courtney
curtis,curt
curtis,curtis
cynthia,cindy
cynthia,cintha
cynthia,cynthia
cyrenius,cene
cyrenius,cy
cyrenius,renius
cyrenius,serene
cyrenius,swene
cyrenius,cyrenius
dal,dahl
dal,dal
dalton,dahl
dalton,dalton
dan,danny
dan,dan
daniel,dan
daniel,danny
daniel,daniel
darlene,darry
darlene,lena
darlene,darlene
david,dave
david,davey
david,day
david,david
debbie,deb
debbie,debby
debbie,debbie
debby,deb
debby,debby
debora,deb
debora,debbie
debora,debby
debora,debora
deborah,deb
deborah,debbie
deborah,debby
deborah,deborah
debra,deb
debra,debbie
debra,debra
delbert,bert
delbert,del
delbert,delbert
deliverance,della
deliverance,delly
deliverance,dilly
deliverance,deliverance
dell,della
dell,dell
delores,dee
delores,dell
delores,della
delores,lola
delores,lolly
delores,delores
dennis,denny
dennis,dennis
dennison,denny
dennison,dennison
derrick,eric
derrick,rick
derrick,ricky
derrick,derrick
dicey,dicie
dicey,dicey
dick,rick
dick,dick
domenic,dom
domenic,domenic
dominic,dom
dominic,dominic
donald,don
donald,donnie
donald,donny
donald,dony
donald,donald
donnie,donny
donnie,donnie
dorcus,darkey
dorcus,dorcus
dorothy,dolly
dorothy,dortha
dorothy,dot
dorothy,dotty
dorothy,dorothy
dot,dotty
dot,dot
eb,ebbie
eb,eb
ebenezer,eb
ebenezer,ebbie
ebenezer,eben
ebenezer,ebenezer
ed,eddie
ed,eddy
ed,ed
eddie,eddy
eddie,eddie
edgar,ed
edgar,eddie
edgar,eddy
edgar,edgar
edith,edie
edith,edye
edith,edith
edmond,ed
edmond,eddie
edmond,eddy
edmond,edmond
edmund,ed
edmund,eddie
edmund,eddy
edmund,ned
edmund,ted
edmund,edmund
eduardo,ed
eduardo,eddie
eduardo,eddy
eduardo,eduardo
edward,ed
edward,eddie
edward,eddy
edward,ned
edward,ted
edward,teddy
edward,edward
edwin,ed
edwin,eddie
edwin,eddy
edwin,ned
edwin,win
edwin,edwin
edyth,edie
edyth,edye
edyth,edyth
edythe,edie
edythe,edye
edythe,edythe
elbert,albert
elbert,elbert
eleanor,elaine
eleanor,ellen
eleanor,ellie
eleanor,lanna
eleanor,lenora
eleanor,nelly
eleanor,nora
eleanor,eleanor
eleazer,lazar
eleazer,eleazer
elias,eli
elias,lee
elias,lias
elias,elias
elijah,eli
elijah,lige
elijah,elijah
eliphalet,left
eliphalet,eliphalet
elisha,eli
elisha,lish
elisha,elisha
elizabeth,bess
elizabeth,bessie
elizabeth,beth
elizabeth,betsy
elizabeth,betty
elizabeth,eliza
elizabeth,lib
elizabeth,libby
elizabeth,lisa
elizabeth,liz
elizabeth,liza
elizabeth,lizzie
elizabeth,elizabeth
ella,ellen
ella,ella
ellie,elly
ellie,ellie
ellswood,elsey
ellswood,ellswood
elmira,ellie
elmira,elly
elmira,mira
elmira,elmira
elouise,louise
elouise,elouise
elsie,elsey
elsie,elsie
elswood,elsey
elswood,elswood
elwood,woody
elwood,elwood
elze,elsey
elze,elze
emanuel,manny
emanuel,manuel
emanuel,emanuel
emeline,em
emeline,emily
emeline,emma
emeline,emmy
emeline,milly
emeline,emeline
emily,emma
emily,emmy
emily,millie
emily,mel
emily,emily
emma,emmy
emma,emma
epaphroditius,dite
epaphroditius,ditus
epaphroditius,dyce
epaphroditius,dyche
epaphroditius,eppa
epaphroditius,epaphroditius
ephraim,eph
ephraim,ephraim
eric,rick
eric,ricky
eric,eric
ernest,ernie
ernest,ernest
estella,essy
estella,stella
estella,estella
estelle,essy
estelle,stella
estelle,estelle
eugene,gene
eugene,eugene
eva,eve
eva,eva
evaline,eva
evaline,eve
evaline,lena
evaline,evaline
ezekiel,ez
ezekiel,zeke
ezekiel,ezekiel
ezra,ez
ezra,ezra
faith,fay
faith,faith
feltie,felty
feltie,feltie
ferdinand,ferdie
ferdinand,fred
ferdinand,freddie
ferdinand,freddy
ferdinand,ferdinand
fidelia,delia
fidelia,fidelia
florence,flo
florence,flora
florence,flossy
florence,florence
fran,frannie
fran,fran
frances,cissy
frances,fanny
frances,fran
frances,francie
frances,frankie
frances,frannie
frances,franniey
frances,sis
frances,frances
francine,fran
francine,francie
francine,frannie
francine,franniey
francine,francine
francis,fran
francis,frank
francis,frankie
francis,francis
frankie,frank
frankie,frankie
franklin,fran
franklin,frank
franklin,franklin
franklind,frank
franklind,franklind
fred,freddy
fred,fred
freda,frieda
freda,freda
frederick,fred
frederick,freddie
frederick,freddy
frederick,fritz
frederick,frederick
fredericka,freda
fredericka,freddy
fredericka,frieda
fredericka,ricka
fredericka,fredericka
frieda,fred
frieda,freddie
frieda,freddy
frieda,frieda
gabby,gabe
gabby,gabby
gabriel,gabby
gabriel,gabe
gabriel,gabriel
gabriella,ella
gabriella,gabby
gabriella,gabriella
gabrielle,ella
gabrielle,gabby
gabrielle,gabrielle
genevieve,eve
genevieve,jean
genevieve,jenny
genevieve,genevieve
geoff,jeff
geoff,geoff
geoffrey,geoff
geoffrey,jeff
geoffrey,geoffrey
gerald,gerry
gerald,jerry
gerald,gerald
geraldine,dina
geraldine,gerrie
geraldine,gerry
geraldine,jerry
geraldine,geraldine
gerry,jerry
gerry,gerry
gert,gertie
gert,gert
gertrude,gert
gertrude,gertie
gertrude,trudy
gertrude,gertrude
gilbert,bert
gilbert,gil
gilbert,wilber
gilbert,gilbert
gum,monty
gum,gum
gus,gussie
gus,gus
gwen,wendy
gwen,gwen
gwendolyn,gwen
gwendolyn,wendy
gwendolyn,gwendolyn
hannah,anna
hannah,nan
hannah,nanny
hannah,hannah
harold,hal
harold,harry
harold,harold
harriet,hattie
harriet,harriet
helen,ella
helen,ellen
helen,ellie
helen,lena
helen,helen
helene,ella
helene,ellen
helene,ellie
helene,lena
helene,helene
heloise,eloise
heloise,elouise
heloise,lois
heloise,heloise
henrietta,etta
henrietta,etty
henrietta,hank
henrietta,nettie
henrietta,retta
henrietta,henrietta
henry,hal
henry,hank
henry,harry
henry,henry
hephsibah,hipsie
hephsibah,hephsibah
hepsibah,hipsie
hepsibah,hepsibah
herbert,bert
herbert,herb
herbert,herbert
hermione,hermie
hermione,hermione
hester,esther
hester,hessy
hester,hetty
hester,hester
hezekiah,hez
hezekiah,hy
hezekiah,kiah
hezekiah,hezekiah
hiram,hy
hiram,hiram
hopkins,hop
hopkins,hopp
hopkins,hopkins
horace,horry
horace,horace
hubert,bert
hubert,hub
hubert,hugh
hubert,hubert
ignatius,iggy
ignatius,nace
ignatius,nate
ignatius,natius
ignatius,ignatius
irene,rena
irene,irene
irving,irv
irving,irving
isaac,ike
isaac,zeke
isaac,isaac
isabel,bell
isabel,bella
isabel,belle
isabel,ib
isabel,issy
isabel,nib
isabel,nibby
isabel,tibbie
isabel,isabel
isabella,bella
isabella,belle
isabella,ib
isabella,issy
isabella,nib
isabella,nibby
isabella,tibbie
isabella,isabella
isabelle,bella
isabelle,belle
isabelle,ib
isabelle,issy
isabelle,nib
isabelle,nibby
isabelle,tibbie
isabelle,isabelle
isadora,dora
isadora,issy
isadora,isadora
isidore,izzy
isidore,isidore
jacob,jaap
jacob,jake
jacob,jay
jacob,jacob
jacobus,jacob
jacobus,jacobus
james,jamie
james,jem
james,jim
james,jimmie
james,jimmy
james,james
jamie,ben
jamie,jamie
jane,janie
jane,jean
jane,jennie
jane,jessie
jane,jane
janet,jan
janet,jessie
janet,janet
janice,jan
janice,janice
jean,jane
jean,jeannie
jean,jean
jeanette,janet
jeanette,jean
jeanette,jessie
jeanette,nettie
jeanette,jeanette
jeanne,jane
jeanne,jeannie
jeanne,jeanne
jedidiah,jed
jedidiah,jedidiah
jefferson,jeff
jefferson,sonny
jefferson,jefferson
jeffrey,geoff
jeffrey,jeff
jeffrey,jeffrey
jehiel,hiel
jehiel,jehiel
jemima,mima
jemima,jemima
jennifer,jennie
jennifer,jennifer
jeremiah,jereme
jeremiah,jerry
jeremiah,jeremiah
jerry,jereme
jerry,jerry
jessica,jessie
jessica,jessica
jim,jimmie
jim,jim
joan,jo
joan,nonie
joan,joan
joann,jo
joann,joann
joanna,hannah
joanna,jo
joanna,joan
joanna,jody
joanna,joanna
joanne,jo
joanne,joanne
jody,jo
jody,jody
joe,joey
joe,joe
johanna,jo
johanna,johanna
johannah,hannah
johannah,joan
johannah,jody
johannah,nonie
johannah,johannah
john,jack
john,jock
john,johnny
john,john
jon,john
jon,nathan
jon,jon
jonathan,john
jonathan,nathan
jonathan,jonathan
joseph,jody
joseph,joe
joseph,joey
joseph,jos
joseph,joseph
josephine,fina
josephine,jo
josephine,jody
josephine,joey
josephine,josey
josephine,josephine
joshua,jos
joshua,josh
joshua,joshua
josiah,jos
josiah,josiah
joyce,joy
joyce,joyce
juanita,nettie
juanita,nita
juanita,juanita
judson,jud
judson,sonny
judson,judson
julia,jill
julia,julie
julia,julia
julian,jule
julian,julian
julias,jule
julias,julias
julie,jule
julie,julie
junior,jr
junior,june
junior,junie
junior,junior
kasey,k.c.
kasey,kasey
kate,kay
kate,kate
katelin,kate
katelin,kay
katelin,kaye
katelin,katelin
katelyn,kate
katelyn,kay
katelyn,kaye
katelyn,katelyn
katherine,cassie
katherine,cathy
katherine,kate
katherine,kathy
katherine,katy
katherine,kay
katherine,kaye
katherine,kit
katherine,kittie
katherine,lena
katherine,trina
katherine,katherine
kathleen,cassie
kathleen,cathy
kathleen,kathy
kathleen,katy
kathleen,kay
kathleen,kit
kathleen,kittie
kathleen,lena
kathleen,trina
kathleen,kathleen
kathryn,kathy
kathryn,kathryn
katy,kathy
katy,katy
kendall,ken
kendall,kenny
kendall,kendall
kendrick,ken
kendrick,kenny
kendrick,kendrick
kenneth,ken
kenneth,kendrick
kenneth,kenny
kenneth,kenneth
kenny,ken
kenny,kenny
kent,ken
kent,kendrick
kent,kenny
kent,kent
keziah,kizza
keziah,kizzie
keziah,keziah
kimberley,kim
kimberley,kimberley
kimberly,kim
kimberly,kimberly
kingsley,king
kingsley,kingsley
kingston,king
kingston,kingston
kit,kittie
kit,kit
kris,chris
kris,kris
kristen,chris
kristen,kristen
kristin,chris
kristin,kristin
kristine,chris
kristine,christy
kristine,crissy
kristine,kris
kristine,kristy
kristine,tina
kristine,kristine
kristy,chris
kristy,kristy
lafayette,fate
lafayette,laffie
lafayette,lafayette
lamont,monty
lamont,lamont
laurence,larry
laurence,lon
laurence,lonny
laurence,lorne
laurence,lorry
laurence,laurence
lavina,ina
lavina,vina
lavina,viney
lavina,lavina
lavinia,ina
lavinia,vina
lavinia,viney
lavinia,lavinia
lawrence,larry
lawrence,lon
lawrence,lonny
lawrence,lorne
lawrence,lorry
lawrence,lawrence
lemuel,lem
lemuel,lemuel
lena,ellen
lena,lena
lenora,lee
lenora,nora
lenora,lenora
leo,leon
leo,leo
leonard,len
leonard,lenny
leonard,leo
leonard,leon
leonard,lineau
leonard,leonard
leroy,l.r.
leroy,lee
leroy,roy
leroy,leroy
leslie,les
leslie,leslie
lester,les
lester,lester
letitia,lettice
letitia,lettie
letitia,tish
letitia,titia
letitia,letitia
levi,lee
levi,levi
lib,libby
lib,lib
lidia,lyddy
lidia,lidia
lil,lilly
lil,lily
lil,lil
lillah,lil
lillah,lilly
lillah,lily
lillah,lolly
lillah,lillah
lillian,lil
lillian,lilly
lillian,lolly
lillian,lillian
lilly,lily
lilly,lilly
lincoln,link
lincoln,lincoln
linda,lindy
linda,lynn
linda,linda
lindy,lynn
lindy,lindy
lisa,alice
lisa,melissa
lisa,liz
lisa,lizzie
lisa,lisa
lizzie,liz
lizzie,lizzie
lois,louise
lois,lou
lois,lois
lon,lonzo
lon,lon
lorenzo,loren
lorenzo,lorenzo
loretta,etta
loretta,lorrie
loretta,retta
loretta,loretta
lorraine,lorrie
lorraine,lorraine
lotta,lottie
lotta,lotta
lou,lu
lou,lou
louisa,eliza
louisa,lois
louisa,lou
louisa,louisa
louise,eliza
louise,lois
louise,lou
louise,louise
lucas,luke
lucas,lucas
lucias,luke
lucias,lucias
lucille,cille
lucille,lou
lucille,lu
lucille,lucy
lucille,lucille
lucinda,cindy
lucinda,lou
lucinda,lu
lucinda,lucy
lucinda,lucinda
luella,ella
luella,lu
luella,lula
luella,luella
luther,luke
luther,luther
lydia,lyddy
lydia,lydia
lyndon,lindy
lyndon,lynn
lyndon,lyndon
maddy,madge
maddy,maddy
madeline,lena
madeline,maddy
madeline,madge
madeline,magda
madeline,maggie
madeline,madeline
magdelina,lena
magdelina,madge
magdelina,magda
magdelina,magdelina
mahala,hallie
mahala,mahala
manda,mandy
manda,manda
manny,manuel
manny,manny
marcus,mark
marcus,marcus
margaret,daisy
margaret,gretta
margaret,madge
margaret,maggie
margaret,maggy
margaret,marge
margaret,margery
margaret,margie
margaret,margy
margaret,meg
margaret,midge
margaret,peg
margaret,peggy
margaret,rita
margaret,margaret
margaretta,daisy
margaretta,gretta
margaretta,madge
margaretta,maggie
margaretta,marge
margaretta,margery
margaretta,margie
margaretta,meg
margaretta,midge
margaretta,peg
margaretta,peggy
margaretta,rita
margaretta,margaretta
marge,margery
marge,marge
margie,margie
margie,margie
marjorie,margie
marjorie,margy
marjorie,marjorie
martha,marty
martha,mat
martha,mattie
martha,patsy
martha,patty
martha,martha
martin,marty
martin,martin
martina,tina
martina,martina
marvin,marv
marvin,marvin
mary,mae
mary,mamie
mary,mitzi
mary,molly
mary,polly
mary,mary
mat,mattie
mat,mat
matilda,matty
matilda,maud
matilda,tilly
matilda,matilda
matthew,matt
matthew,mattie
matthew,matty
matthew,thias
matthew,thys
matthew,matthew
matthias,matt
matthias,thias
matthias,thys
matthias,matthias
maurice,morey
maurice,maurice
mehitabel,hetty
mehitabel,hitty
mehitabel,mabel
mehitabel,mitty
mehitabel,mehitabel
melinda,linda
melinda,lindy
melinda,lynn
melinda,mel
melinda,mindy
melinda,melinda
melissa,lisa
melissa,lissa
melissa,mel
melissa,milly
melissa,missy
melissa,melissa
mervyn,merv
mervyn,mervyn
michael,micah
michael,mick
michael,micky
michael,mike
michael,michael
michelle,mickey
michelle,michelle
mick,micky
mick,mick
mike,mick
mike,micky
mike,mike
mildred,milly
mildred,mildred
millicent,milly
millicent,missy
millicent,millicent
minerva,minnie
minerva,minerva
miranda,mandy
miranda,mira
miranda,randy
miranda,miranda
miriam,mimi
miriam,mitzi
miriam,miriam
mitchell,mitch
mitchell,mitchell
montgomery,gum
montgomery,monty
montgomery,montgomery
morris,morey
morris,morris
nancy,ann
nancy,nan
nancy,nanny
nancy,nancy
napoleon,leon
napoleon,nap
napoleon,nappy
napoleon,napoleon
natalie,natty
natalie,nettie
natalie,natalie
nathan,nat
nathan,nate
nathan,nathan
nathaniel,nat
nathaniel,nate
nathaniel,nathan
nathaniel,natty
nathaniel,than
nathaniel,nathaniel
nelle,nelly
nelle,nelle
nicholas,claas
nicholas,claes
nicholas,nick
nicholas,nicholas
nick,nik
nick,nick
nik,nik
norbert,bert
norbert,norby
norbert,norbert
obadiah,diah
obadiah,dyer
obadiah,obed
obadiah,obie
obadiah,obadiah
olive,livia
olive,nollie
olive,ollie
olive,olive
oliver,ollie
oliver,oliver
olivia,livia
olivia,nollie
olivia,ollie
olivia,olivia
ossy,ozzy
ossy,ossy
oswald,ossy
oswald,ozzy
oswald,waldo
oswald,oswald
pamela,pam
pamela,pamela
parmelia,amelia
parmelia,melia
parmelia,milly
parmelia,parmelia
pat,pat
pat,pat
patience,pat
patience,patty
patience,patience
patricia,pat
patricia,patsy
patricia,patty
patricia,tricia
patricia,patricia
patrick,paddy
patrick,pat
patrick,pate
patrick,patsy
patrick,peter
patrick,patrick
patsy,patty
patsy,patsy
paula,lina
paula,polly
paula,paula
paulina,lina
paulina,polly
paulina,paulina
peg,peggy
peg,peg
pelegrine,perry
pelegrine,pelegrine
penelope,penny
penelope,penelope
percival,percy
percival,percival
peter,pate
peter,pete
peter,peter
philetus,leet
philetus,phil
philetus,philetus
philinda,linda
philinda,lindy
philinda,lynn
philinda,philinda
philip,phil
philip,philip
phillip,phil
phillip,phillip
philly,delphia
philly,philly
prescott,pres
prescott,scott
prescott,scotty
prescott,prescott
priscilla,cilla
priscilla,cissy
priscilla,prissy
priscilla,priscilla
prudence,prudy
prudence,prue
prudence,prudence
rachel,shelly
rachel,rachel
rafaela,rafa
rafaela,rafaela
randolph,dolph
randolph,randy
randolph,randolph
raphael,ralph
raphael,raphael
raymond,ray
raymond,raymond
reba,becca
reba,beck
reba,reba
rebecca,becca
rebecca,beck
rebecca,becky
rebecca,reba
rebecca,rebecca
reg,reggie
reg,reg
regina,gina
regina,reggie
regina,regina
reginald,naldo
reginald,reg
reginald,reggie
reginald,renny
reginald,reginald
relief,leafa
relief,relief
reuben,rube
reuben,reuben
ricardo,rick
ricardo,ricky
ricardo,ricardo
rich,riche
rich,rick
rich,dick
rich,rich
richard,dick
richard,dickie
richard,dickon
richard,dicky
richard,rich
richard,rick
richard,ricky
richard,richard
rick,ricky
rick,rick
ricky,dick
ricky,rich
ricky,ricky
robert,bob
robert,bobby
robert,dob
robert,dobbin
robert,hob
robert,hobkin
robert,rob
robert,robert
roberta,bert
roberta,bertie
roberta,birdie
roberta,bobbie
roberta,robbie
roberta,roberta
rodger,bobby
rodger,hodge
rodger,robby
rodger,robin
rodger,rod
rodger,roge
rodger,rupert
rodger,rodger
roger,bobby
roger,hodge
roger,robby
roger,robin
roger,rod
roger,roge
roger,rupert
roger,roger
roland,lanny
roland,orlando
roland,rollo
roland,rolly
roland,roland
ron,ronnie
ron,ronny
ron,ron
ronald,naldo
ronald,ron
ronald,ronny
ronald,ronald
rosa,rose
rosa,rosa
rosabel,belle
rosabel,rosa
rosabel,rose
rosabel,roz
rosabel,rosabel
rosabella,belle
rosabella,rosa
rosabella,rose
rosabella,roz
rosabella,rosabella
rosalinda,linda
rosalinda,rosa
rosalinda,rose
rosalinda,roz
rosalinda,rosalinda
rosalyn,linda
rosalyn,rosa
rosalyn,rose
rosalyn,roz
rosalyn,rosalyn
rose,rosie
rose,rose
roseann,ann
roseann,rose
roseann,rosie
roseann,roz
roseann,roseann
roseanna,ann
roseanna,rose
roseanna,rosie
roseanna,roz
roseanna,roseanna
roseanne,ann
roseanne,roseanne
roxanna,ann
roxanna,rose
roxanna,roxie
roxanna,roxanna
roxanne,ann
roxanne,rose
roxanne,roxie
roxanne,roxanne
rudolph,dolph
rudolph,olph
rudolph,rolf
rudolph,rudy
rudolph,rudolph
rudolphus,dolph
rudolphus,olph
rudolphus,rolf
rudolphus,rudy
rudolphus,rudolphus
russell,russ
russell,rusty
russell,russell
sabrina,brina
sabrina,sabrina
sam,sammy
sam,sam
samuel,sam
samuel,sammy
samuel,samuel
sandra,cassandra
sandra,sandy
sandra,sandra
sarah,sadie
sarah,sally
sarah,sarah
serena,rena
serena,serena
seymour,morey
seymour,see
seymour,seymour
shelton,shel
shelton,shelly
shelton,tony
shelton,shelton
sheridan,dan
sheridan,danny
sheridan,sher
sheridan,sheridan
sheryl,sher
sheryl,sheryl
shirley,lee
shirley,sherry
shirley,shirl
shirley,shirley
sidney,sid
sidney,syd
sidney,sidney
silas,si
silas,silas
simeon,si
simeon,sion
simeon,simeon
simon,si
simon,sion
simon,simon
smith,smitty
smith,smith
solomon,sal
solomon,salmon
solomon,saul
solomon,sol
solomon,solly
solomon,zolly
solomon,solomon
sophia,sophie
sophia,sophia
stephan,steve
stephan,stephan
stephen,steph
stephen,steve
stephen,stephen
steven,steph
steven,steve
steven,steven
stuart,stu
stuart,stuart
submit,mitty
submit,submit
sue,susie
sue,sue
sullivan,sully
sullivan,van
sullivan,sullivan
susan,hannah
susan,sue
susan,sukey
susan,susie
susan,suzie
susan,susan
susannah,hannah
susannah,sue
susannah,sukey
susannah,susie
susannah,susannah
susie,suzie
susie,susie
sylvester,si
sylvester,sly
sylvester,sy
sylvester,syl
sylvester,vessie
sylvester,vester
sylvester,vet
sylvester,sylvester
tabitha,tabby
tabitha,tabitha
ted,teddy
ted,ted
terence,terry
terence,terence
teresa,terry
teresa,teresa
thaddeus,thad
thaddeus,thaddeus
theodore,ted
theodore,teddy
theodore,theo
theodore,theodore
theresa,terry
theresa,tess
theresa,tessa
theresa,tessie
theresa,thirza
theresa,thursa
theresa,tracy
theresa,theresa
thom,tom
thom,tommy
thom,thom
thomas,thom
thomas,tom
thomas,tommy
thomas,thomas
tim,timmy
tim,tim
timothy,tim
timothy,timmy
timothy,timothy
tobias,bias
tobias,toby
tobias,tobias
tom,tommy
tom,tom
trix,trixie
trix,trix
tryphena,phena
tryphena,tryphena
uriah,riah
uriah,uriah
valentine,felty
valentine,valentine
valeri,val
valeri,valeri
valerie,val
valerie,valerie
vanessa,essa
vanessa,nessa
vanessa,vanna
vanessa,vanessa
veronica,franky
veronica,frony
veronica,ron
veronica,ronie
veronica,ronna
veronica,ronnie
veronica,vonnie
veronica,veronica
vic,vicki
vic,vicky
vic,vic
vicki,vicky
vicki,vicki
victor,vic
victor,victor
victoria,torie
victoria,tory
victoria,vic
victoria,vicki
victoria,vicky
victoria,victoria
vin,vinny
vin,vin
vince,vinnie
vince,vince
vincent,vic
vincent,vin
vincent,vince
vincent,vinnie
vincent,vinny
vincent,vincent
vincenzo,vic
vincenzo,vin
vincenzo,vinnie
vincenzo,vinny
vincenzo,vincenzo
vinson,vinny
vinson,vinson
virginia,ginger
virginia,ginny
virginia,jane
virginia,jennie
virginia,virgy
virginia,virginia
waldo,ossy
waldo,ozzy
waldo,waldo
wallace,wally
wallace,wallace
wally,walt
wally,wally
walter,wally
walter,walt
walter,walter
washington,wash
washington,washington
wilber,bert
wilber,will
wilber,wilber
wilbur,willie
wilbur,willy
wilbur,wilbur
wilfred,fred
wilfred,will
wilfred,willie
wilfred,wilfred
wilhelmina,mina
wilhelmina,minnie
wilhelmina,willie
wilhelmina,wilma
wilhelmina,wilhelmina
will,fred
will,willie
will,bill
will,will
william,bela
william,bell
william,bill
william,billy
william,will
william,willie
william,willy
william,william
willie,fred
willie,willie
wilson,will
wilson,willie
wilson,willy
wilson,wilson
winfield,field
winfield,win
winfield,winny
winfield,winfield
winifred,freddie
winifred,winnet
winifred,winnie
winifred,winifred
winnifred,fred
winnifred,freddie
winnifred,freddy
winnifred,winnie
winnifred,winny
winnifred,winnifred
woodrow,drew
woodrow,wood
woodrow,woody
woodrow,woodrow
yvonne,vonna
yvonne,yvonne
zachariah,zach
zachariah,zachy
zachariah,zeke
zachariah,zachariah
zebedee,zeb
zebedee,zebedee
zedediah,diah
zedediah,dyer
zedediah,zed
zedediah,zedediah
zephaniah,zeph
zephaniah,zephaniah
